2026-08-26 11:47:38,389 [main] INFO  c.d.canton.CantonEnterpriseApp$ - Starting Canton version 3.4.11
2026-08-26 11:47:39,218 [main] INFO  c.d.canton.CantonEnterpriseApp$ - Starting up with resolved config
mediators {
    mediator1 {
        admin-api {
            port=6869
        }
    }
}
participants {
    sandbox {
        admin-api {
            port=6866
        }
        http-ledger-api {
            port="7575"
        }
        ledger-api {
            port=6865
            user-management-service {
                enabled=true
            }
        }
        storage {
            type=memory
        }
    }
}
sequencers {
    sequencer1 {
        admin-api {
            port=6868
        }
        public-api {
            port=6867
        }
        sequencer {
            config {
                storage {
                    type=memory
                }
            }
            type=reference
        }
        storage {
            type=memory
        }
    }
}

2026-08-26 11:47:39,295 [main] INFO  c.d.canton.environment.Environment - Deriving 8 as number of threads from 'sys.runtime.availableProcessors()'. Please use '-Dscala.concurrent.context.numThreads' to override.
2026-08-26 11:47:39,504 [canton-env-ec-34] INFO  o.a.pekko.event.slf4j.Slf4jLogger - Slf4jLogger started
2026-08-26 11:47:39,599 [main] INFO  c.d.canton.environment.Environment tid:91f109feb5ed5199680c338b4ad48b93 - Automatically starting all instances
2026-08-26 11:47:39,622 [main] INFO  c.d.c.environment.SequencerNodes tid:91f109feb5ed5199680c338b4ad48b93 - Starting node sequencer1
2026-08-26 11:47:39,638 [canton-env-ec-35] INFO  c.d.c.t.OpenTelemetryFactory$ - Initializing open telemetry with trace-exporter=Disabled, metrics-enabled=false
2026-08-26 11:47:39,771 [canton-env-ec-37] INFO  c.d.c.s.s.SequencerNodeBootstrap:sequencer=sequencer1 - 'sequencer' is now in state ServingStatus(status = 'SERVING'). Previous state was ServingStatus(status = 'NOT_SERVING').
2026-08-26 11:47:40,259 [canton-env-ec-39] INFO  c.d.c.c.Crypto:sequencer=sequencer1 - 'crypto' is now in state Ok(). Previous state was Not Initialized.
2026-08-26 11:47:40,273 [canton-env-ec-34] INFO  c.d.c.e.CantonNodeBootstrapImpl$SetupAdminApi:sequencer=sequencer1 - Starting admin-api services on AdminServerConfig(127.0.0.1,Some(6868),None,None,Some(BasicKeepAliveServerConfig(40s,20s,20s,false)),10485760,List(),AdminTokenConfig(None,5m,false,false),5m,JwksCacheConfig(1000,5m,10s,10s),None)
2026-08-26 11:47:40,919 [canton-env-ec-35] INFO  c.d.c.e.CantonNodeBootstrapImpl$SetupNodeId:sequencer=sequencer1 - Auto-initialized with uid=sequencer1::1220b8e961b6...
2026-08-26 11:47:41,239 [canton-env-ec-36] INFO  c.d.c.t.p.TopologyStateProcessorOld:sequencer=sequencer1/store=Authorized - Storing topology transaction 1/1 TxHash(SHA-256:5c8d5cd38d93...) with ts=EffectiveTime(2026-08-26T08:47:41.199209Z), signedBy=Set(1220b8e961b6...)
2026-08-26 11:47:41,253 [canton-env-ec-36] INFO  c.d.c.t.p.TopologyStateProcessorOld:sequencer=sequencer1/store=Authorized - Persisted topology transactions (SequencedTime(2026-08-26T08:47:41.199209Z), EffectiveTime(2026-08-26T08:47:41.199209Z)):
ValidatedTopologyTransaction(
  SignedTopologyTransaction(
    TopologyTransaction(
      NamespaceDelegation(1220b8e961b6..., SigningPublicKey(id = 1220b8e961b6..., format = DER-encoded X.509 SubjectPublicKeyInfo, keySpec = EC-Curve25519, usage = namespace), CanSignAllMappings),
      serial = 1,
      operation = Replace,
      hash = SHA-256:5c8d5cd38d93...
    ),
    signatures = 1220b8e961b6...
  )
)
2026-08-26 11:47:41,305 [canton-env-ec-41] INFO  c.d.c.t.p.TopologyStateProcessorOld:sequencer=sequencer1/store=Authorized - Storing topology transaction 1/1 TxHash(SHA-256:5da6d75f252b...) with ts=EffectiveTime(2026-08-26T08:47:41.287072Z), signedBy=Set(1220b8e961b6..., 1220865731eb..., 122076aa13d1...)
2026-08-26 11:47:41,311 [canton-env-ec-41] INFO  c.d.c.t.p.TopologyStateProcessorOld:sequencer=sequencer1/store=Authorized - Persisted topology transactions (SequencedTime(2026-08-26T08:47:41.287072Z), EffectiveTime(2026-08-26T08:47:41.287072Z)):
ValidatedTopologyTransaction(
  SignedTopologyTransaction(
    TopologyTransaction(
      OwnerToKeyMapping(
        SEQ::sequencer1::1220b8e961b6...,
        List(
          SigningPublicKey(id = 1220865731eb..., format = DER-encoded X.509 SubjectPublicKeyInfo, keySpec = EC-Curve25519, usage = Set(sequencer-auth, proof-of-ownership)),
          SigningPublicKey(id = 122076aa13d1..., format = DER-encoded X.509 SubjectPublicKeyInfo, keySpec = EC-Curve25519, usage = Set(signing, proof-of-ownership))
        )
      ),
      serial = 1,
      operation = Replace,
      hash = SHA-256:5da6d75f252b...
    ),
    signatures = Seq(122076aa13d1..., 1220865731eb..., 1220b8e961b6...)
  )
)
2026-08-26 11:47:41,344 [canton-env-ec-41] INFO  c.d.c.s.s.SequencerNodeBootstrap$WaitForSequencerToSynchronizerInit:sequencer=sequencer1 - Startup succeeded up to stage wait-for-sequencer-to-synchronizer-init, waiting for external input
2026-08-26 11:47:41,346 [canton-env-ec-42] INFO  c.d.c.environment.MediatorNodes tid:91f109feb5ed5199680c338b4ad48b93 - Starting node mediator1
2026-08-26 11:47:41,380 [canton-env-ec-43] INFO  c.d.c.s.m.EnterpriseMediatorNodeBootstrapFactory$$anon$1:mediator=mediator1 - 'mediator' is now in state ServingStatus(status = 'SERVING'). Previous state was ServingStatus(status = 'NOT_SERVING').
2026-08-26 11:47:41,386 [canton-env-ec-41] INFO  c.d.c.c.Crypto:mediator=mediator1 - 'crypto' is now in state Ok(). Previous state was Not Initialized.
2026-08-26 11:47:41,387 [canton-env-ec-43] INFO  c.d.c.e.CantonNodeBootstrapImpl$SetupAdminApi:mediator=mediator1 - Starting admin-api services on AdminServerConfig(127.0.0.1,Some(6869),None,None,Some(BasicKeepAliveServerConfig(40s,20s,20s,false)),10485760,List(),AdminTokenConfig(None,5m,false,false),5m,JwksCacheConfig(1000,5m,10s,10s),None)
2026-08-26 11:47:41,396 [canton-env-ec-41] INFO  c.d.c.e.CantonNodeBootstrapImpl$SetupNodeId:mediator=mediator1 - Auto-initialized with uid=mediator1::1220769fb9ea...
2026-08-26 11:47:41,406 [canton-env-ec-34] INFO  c.d.c.t.p.TopologyStateProcessorOld:mediator=mediator1/store=Authorized - Storing topology transaction 1/1 TxHash(SHA-256:656e41b429aa...) with ts=EffectiveTime(2026-08-26T08:47:41.403882Z), signedBy=Set(1220769fb9ea...)
2026-08-26 11:47:41,409 [canton-env-ec-43] INFO  c.d.c.t.p.TopologyStateProcessorOld:mediator=mediator1/store=Authorized - Persisted topology transactions (SequencedTime(2026-08-26T08:47:41.403882Z), EffectiveTime(2026-08-26T08:47:41.403882Z)):
ValidatedTopologyTransaction(
  SignedTopologyTransaction(
    TopologyTransaction(
      NamespaceDelegation(1220769fb9ea..., SigningPublicKey(id = 1220769fb9ea..., format = DER-encoded X.509 SubjectPublicKeyInfo, keySpec = EC-Curve25519, usage = namespace), CanSignAllMappings),
      serial = 1,
      operation = Replace,
      hash = SHA-256:656e41b429aa...
    ),
    signatures = 1220769fb9ea...
  )
)
2026-08-26 11:47:41,424 [canton-env-ec-37] INFO  c.d.c.t.p.TopologyStateProcessorOld:mediator=mediator1/store=Authorized - Storing topology transaction 1/1 TxHash(SHA-256:02bdad924faf...) with ts=EffectiveTime(2026-08-26T08:47:41.419689Z), signedBy=Set(1220769fb9ea..., 1220505e2921..., 12205ff0bc4d...)
2026-08-26 11:47:41,429 [canton-env-ec-43] INFO  c.d.c.t.p.TopologyStateProcessorOld:mediator=mediator1/store=Authorized - Persisted topology transactions (SequencedTime(2026-08-26T08:47:41.419689Z), EffectiveTime(2026-08-26T08:47:41.419689Z)):
ValidatedTopologyTransaction(
  SignedTopologyTransaction(
    TopologyTransaction(
      OwnerToKeyMapping(
        MED::mediator1::1220769fb9ea...,
        List(
          SigningPublicKey(id = 1220505e2921..., format = DER-encoded X.509 SubjectPublicKeyInfo, keySpec = EC-Curve25519, usage = Set(sequencer-auth, proof-of-ownership)),
          SigningPublicKey(id = 12205ff0bc4d..., format = DER-encoded X.509 SubjectPublicKeyInfo, keySpec = EC-Curve25519, usage = Set(signing, proof-of-ownership))
        )
      ),
      serial = 1,
      operation = Replace,
      hash = SHA-256:02bdad924faf...
    ),
    signatures = Seq(1220505e2921..., 12205ff0bc4d..., 1220769fb9ea...)
  )
)
2026-08-26 11:47:41,440 [canton-env-ec-41] INFO  c.d.c.s.m.MediatorNodeBootstrap$WaitForMediatorToSynchronizerInit:mediator=mediator1 - Startup succeeded up to stage wait-for-mediator-to-synchronizer-init, waiting for external input
2026-08-26 11:47:41,441 [canton-env-ec-41] INFO  c.d.c.environment.ParticipantNodes tid:91f109feb5ed5199680c338b4ad48b93 - Starting node sandbox
2026-08-26 11:47:42,132 [canton-env-ec-42] INFO  c.d.c.p.EnterpriseParticipantNodeBootstrapFactory$$anon$1:participant=sandbox - 'participant' is now in state ServingStatus(status = 'SERVING'). Previous state was ServingStatus(status = 'NOT_SERVING').
2026-08-26 11:47:42,136 [canton-env-ec-39] INFO  c.d.c.c.Crypto:participant=sandbox - 'crypto' is now in state Ok(). Previous state was Not Initialized.
2026-08-26 11:47:42,138 [canton-env-ec-39] INFO  c.d.c.e.CantonNodeBootstrapImpl$SetupAdminApi:participant=sandbox - Starting admin-api services on AdminServerConfig(127.0.0.1,Some(6866),None,None,Some(BasicKeepAliveServerConfig(40s,20s,20s,false)),10485760,List(),AdminTokenConfig(None,5m,false,false),5m,JwksCacheConfig(1000,5m,10s,10s),None)
2026-08-26 11:47:42,149 [canton-env-ec-41] INFO  c.d.c.e.CantonNodeBootstrapImpl$SetupNodeId:participant=sandbox - Auto-initialized with uid=sandbox::1220f5bf536d...
2026-08-26 11:47:42,274 [canton-env-ec-37] INFO  c.d.c.p.s.m.MutablePackageMetadataViewImpl:participant=sandbox - Package Metadata View has been initialized (108 ms)
2026-08-26 11:47:42,283 [canton-env-ec-37] INFO  c.d.c.t.p.TopologyStateProcessorOld:participant=sandbox/store=Authorized - Storing topology transaction 1/1 TxHash(SHA-256:5d07dfdda19e...) with ts=EffectiveTime(2026-08-26T08:47:42.281085Z), signedBy=Set(1220f5bf536d...)
2026-08-26 11:47:42,287 [canton-env-ec-37] INFO  c.d.c.t.p.TopologyStateProcessorOld:participant=sandbox/store=Authorized - Persisted topology transactions (SequencedTime(2026-08-26T08:47:42.281085Z), EffectiveTime(2026-08-26T08:47:42.281085Z)):
ValidatedTopologyTransaction(
  SignedTopologyTransaction(
    TopologyTransaction(
      NamespaceDelegation(1220f5bf536d..., SigningPublicKey(id = 1220f5bf536d..., format = DER-encoded X.509 SubjectPublicKeyInfo, keySpec = EC-Curve25519, usage = namespace), CanSignAllMappings),
      serial = 1,
      operation = Replace,
      hash = SHA-256:5d07dfdda19e...
    ),
    signatures = 1220f5bf536d...
  )
)
2026-08-26 11:47:42,349 [canton-env-ec-41] INFO  c.d.c.t.p.TopologyStateProcessorOld:participant=sandbox/store=Authorized - Storing topology transaction 1/1 TxHash(SHA-256:39488575599d...) with ts=EffectiveTime(2026-08-26T08:47:42.345443Z), signedBy=Set(1220f5bf536d..., 122088e06438..., 12209aed31e2...)
2026-08-26 11:47:42,352 [canton-env-ec-37] INFO  c.d.c.t.p.TopologyStateProcessorOld:participant=sandbox/store=Authorized - Persisted topology transactions (SequencedTime(2026-08-26T08:47:42.345443Z), EffectiveTime(2026-08-26T08:47:42.345443Z)):
ValidatedTopologyTransaction(
  SignedTopologyTransaction(
    TopologyTransaction(
      OwnerToKeyMapping(
        PAR::sandbox::1220f5bf536d...,
        List(
          SigningPublicKey(id = 122088e06438..., format = DER-encoded X.509 SubjectPublicKeyInfo, keySpec = EC-Curve25519, usage = Set(sequencer-auth, proof-of-ownership)),
          SigningPublicKey(id = 12209aed31e2..., format = DER-encoded X.509 SubjectPublicKeyInfo, keySpec = EC-Curve25519, usage = Set(signing, proof-of-ownership)),
          EncryptionPublicKey(id = 12200dde1078..., format = DER-encoded X.509 SubjectPublicKeyInfo, keySpec = EC-P256)
        )
      ),
      serial = 1,
      operation = Replace,
      hash = SHA-256:39488575599d...
    ),
    signatures = Seq(122088e06438..., 12209aed31e2..., 1220f5bf536d...)
  )
)
2026-08-26 11:47:42,375 [canton-env-ec-43] INFO  c.d.c.p.LifeCycleContainer:participant=sandbox - Initializing next persistent-state
2026-08-26 11:47:42,400 [canton-env-ec-35] INFO  c.d.c.p.l.a.LedgerApiStore$:participant=sandbox - Creating ledger API storage num-ledger-api: 4
2026-08-26 11:47:42,498 [canton-env-ec-36] INFO  c.d.c.p.s.b.VerifiedDataSource$:participant=sandbox - Attempting to connect to the database (attempt 1/600)
2026-08-26 11:47:42,876 [canton-env-ec-36] INFO  c.d.c.p.s.FlywayMigrations:participant=sandbox - Running Flyway migration...
2026-08-26 11:47:42,940 [canton-env-ec-36] INFO  org.flywaydb.core.FlywayExecutor - Database: jdbc:h2:mem:ledger_api_sandbox1220f5bf536d16ca773119a86b551b1f70c4b760c780629492aa374d936dcf9277f7_0c897565fd8c4823a9234913d9f0298a (H2 2.2)
2026-08-26 11:47:42,964 [canton-env-ec-36] INFO  o.f.c.i.s.JdbcTableSchemaHistory - Schema history table "PUBLIC"."flyway_schema_history" does not exist yet
2026-08-26 11:47:42,985 [canton-env-ec-36] INFO  o.f.c.i.s.JdbcTableSchemaHistory - Schema history table "PUBLIC"."flyway_schema_history" does not exist yet
2026-08-26 11:47:42,986 [canton-env-ec-36] INFO  o.f.c.internal.command.DbValidate - Successfully validated 4 migrations (execution time 00:00.005s)
2026-08-26 11:47:42,989 [canton-env-ec-36] INFO  o.f.c.i.s.JdbcTableSchemaHistory - Creating Schema History table "PUBLIC"."flyway_schema_history" ...
2026-08-26 11:47:43,014 [canton-env-ec-36] INFO  o.f.core.internal.command.DbMigrate - Current version of schema "PUBLIC": << Empty Schema >>
2026-08-26 11:47:43,050 [canton-env-ec-36] INFO  o.f.core.internal.command.DbMigrate - Migrating schema "PUBLIC" to version "1.1 - initial"
2026-08-26 11:47:43,138 [canton-env-ec-36] INFO  o.f.core.internal.command.DbMigrate - Migrating schema "PUBLIC" to version "2 - lapi 3.0"
2026-08-26 11:47:43,174 [canton-env-ec-36] INFO  o.f.core.internal.command.DbMigrate - Migrating schema "PUBLIC" to version "3.0 - topology cache add index"
2026-08-26 11:47:43,179 [canton-env-ec-36] INFO  o.f.core.internal.command.DbMigrate - Migrating schema "PUBLIC" to version "4.0 - commitment pruning add index"
2026-08-26 11:47:43,188 [canton-env-ec-36] INFO  o.f.core.internal.command.DbMigrate - Successfully applied 4 migrations to schema "PUBLIC", now at version v4.0 (execution time 00:00.099s)
2026-08-26 11:47:43,189 [canton-env-ec-36] INFO  c.d.c.p.s.FlywayMigrations:participant=sandbox - Flyway schema migration finished successfully, applying 4 steps.
2026-08-26 11:47:43,197 [canton-env-ec-35] INFO  c.d.c.p.s.b.VerifiedDataSource$:participant=sandbox - Attempting to connect to the database (attempt 1/600)
2026-08-26 11:47:43,212 [canton-env-ec-43] INFO  com.zaxxer.hikari.HikariDataSource - daml.index.db.connection.api-server - Starting...
2026-08-26 11:47:43,219 [canton-env-ec-43] INFO  com.zaxxer.hikari.pool.HikariPool - daml.index.db.connection.api-server - Added connection conn8: url=jdbc:h2:mem:ledger_api_sandbox1220f5bf536d16ca773119a86b551b1f70c4b760c780629492aa374d936dcf9277f7_0c897565fd8c4823a9234913d9f0298a user=
2026-08-26 11:47:43,220 [canton-env-ec-43] INFO  com.zaxxer.hikari.HikariDataSource - daml.index.db.connection.api-server - Start completed.
2026-08-26 11:47:43,258 [canton-env-ec-36] INFO  c.d.c.p.LifeCycleContainer:participant=sandbox - Next persistent-state initialized (com.digitalasset.canton.participant.store.ParticipantNodePersistentState@6ec40384)
2026-08-26 11:47:43,281 [canton-env-ec-36] INFO  c.d.c.p.LifeCycleContainer:participant=sandbox - Initializing next indexer
2026-08-26 11:47:43,286 [canton-env-ec-36] INFO  c.d.c.p.l.a.LedgerApiIndexer$:participant=sandbox - Creating Ledger API Indexer storage, num-indexer: 16
2026-08-26 11:47:43,356 [canton-env-ec-41] INFO  c.d.c.u.PekkoUtil$RecoveringFutureQueueImpl:participant=sandbox - Initializing consumer...
2026-08-26 11:47:43,359 [canton-env-ec-43] INFO  c.d.c.p.i.p.InitializeParallelIngestion:participant=sandbox - Attempting to initialize with participant ID sandbox::1220f5bf536d16ca773119a86b551b1f70c4b760c780629492aa374d936dcf9277f7
2026-08-26 11:47:43,362 [daml.participant.api.index.db.threadpool.connection.api-server-0] INFO  c.d.c.p.s.b.c.ParameterStorageBackendImpl:participant=sandbox - Initializing new database for participantId 'sandbox::1220f5bf536d16ca773119a86b551b1f70c4b760c780629492aa374d936dcf9277f7'
2026-08-26 11:47:43,417 [daml.participant.api.index.db.threadpool.connection.api-server-0] INFO  c.d.c.p.i.p.InitializeParallelIngestion:participant=sandbox - Indexer initialized at None
2026-08-26 11:47:43,418 [daml.participant.api.index.db.threadpool.connection.api-server-0] INFO  c.d.c.p.InMemoryState:participant=sandbox - Initializing participant in-memory state to ledger end: None
2026-08-26 11:47:43,426 [canton-env-ec-43] INFO  c.d.c.p.DispatcherState:participant=sandbox - Started a Ledger API offset dispatcher at initialization offset: None.
2026-08-26 11:47:43,508 [canton-env-ec-36] INFO  c.d.c.p.i.p.ParallelIndexerFactory$:participant=sandbox - Indexer initialized, indexing started.
2026-08-26 11:47:43,509 [canton-env-ec-35] INFO  c.d.c.p.l.a.LedgerApiIndexer$:participant=sandbox - Ledger API Indexer started, initializing recoverable indexing.
2026-08-26 11:47:43,510 [canton-env-ec-37] INFO  c.d.c.u.PekkoUtil$RecoveringFutureQueueImpl:participant=sandbox - Consumer initialized
2026-08-26 11:47:43,512 [canton-env-ec-35] INFO  c.d.c.p.LifeCycleContainer:participant=sandbox - Next indexer initialized (com.digitalasset.canton.participant.ledger.api.LedgerApiIndexer@7fc7ed1a)
2026-08-26 11:47:43,551 [canton-env-ec-43] INFO  c.d.c.p.p.PruningProcessor:participant=sandbox - Pruning status: ParticipantPruningStatus()
2026-08-26 11:47:43,569 [canton-env-ec-39] INFO  c.d.c.p.r.EnterpriseParticipantReplicaManager:participant=sandbox - Setting initial replica state to Active
2026-08-26 11:47:43,642 [canton-env-ec-39] INFO  c.d.c.p.LifeCycleContainer:participant=sandbox - Initializing next ledger-api-server
2026-08-26 11:47:43,650 [canton-env-ec-39] INFO  c.d.c.p.l.a.LedgerApiServer:participant=sandbox - Starting ledger API server.
2026-08-26 11:47:43,709 [canton-env-ec-35] INFO  c.d.c.p.i.IndexServiceOwner:participant=sandbox - Found existing participant with ID: sandbox::1220f5bf536d16ca773119a86b551b1f70c4b760c780629492aa374d936dcf9277f7`
2026-08-26 11:47:43,710 [canton-env-ec-34] INFO  c.d.c.p.i.IndexServiceOwner:participant=sandbox - Participant in-memory state initialized.
2026-08-26 11:47:43,748 [canton-env-ec-34] INFO  c.d.c.p.a.r.MemoryCheck$:participant=sandbox - Using 'tenured' memory pool G1 Old Gen.  Setting its collection pool threshold to 6442450944
2026-08-26 11:47:43,897 [canton-env-ec-34] INFO  c.d.c.p.a.ApiServiceOwner$:participant=sandbox - Daml-LF Engine supports LF versions: 2.1, 2.2
2026-08-26 11:47:44,056 [canton-env-ec-41] INFO  c.d.c.p.a.LedgerApiService$:participant=sandbox - Listening on 127.0.0.1:6865 over plain text with LedgerApiKeepAliveServerConfig(10m,20s,10s,false).
2026-08-26 11:47:44,057 [canton-env-ec-41] INFO  c.d.c.p.a.ApiServiceOwner$:participant=sandbox - Initialized API server listening to port = 6865 without tls.
2026-08-26 11:47:44,115 [http-json-ledger-api-pekko.actor.default-dispatcher-5] INFO  o.a.pekko.event.slf4j.Slf4jLogger - Slf4jLogger started
2026-08-26 11:47:44,129 [canton-env-ec-42] INFO  c.d.c.h.HttpService:participant=sandbox - Starting JSON API server, context: {instance_uuid -> '2ec6ac16-726c-4988-bb25-722a5e1cdef2'}
2026-08-26 11:47:46,883 [canton-env-ec-37] INFO  c.d.c.h.HttpApiServer$:participant=sandbox - HTTP JSON API Server started with (address=127.0.0.1, port=7575, portFile=None, pathPrefix=None, wsConfig=None)
2026-08-26 11:47:46,885 [canton-env-ec-34] INFO  c.d.c.p.LifeCycleContainer:participant=sandbox - Next ledger-api-server initialized (com.digitalasset.canton.participant.ledger.api.LedgerApiServer@3d947abd)
2026-08-26 11:47:48,196 [canton-env-ec-39] INFO  c.d.c.p.a.s.ApiPackageService:participant=sandbox tid:50e787a507d7bea20526269f39634305 - Received request for a package status: GetPackageStatusRequest(590736e6f7bc01492007ecb27f3fe75995c19fbd3d41b384aada69619fd4f76c)
2026-08-26 11:47:48,196 [canton-env-ec-71] INFO  c.d.c.p.a.s.ApiPackageService:participant=sandbox tid:50e787a507d7bea20526269f39634305 - Received request for a package status: GetPackageStatusRequest(bde4bd30749e99603e5afa354706608601029e225d4983324d617825b634253a)
2026-08-26 11:47:48,197 [canton-env-ec-72] INFO  c.d.c.p.a.s.ApiPackageService:participant=sandbox tid:50e787a507d7bea20526269f39634305 - Received request for a package status: GetPackageStatusRequest(99ea07e101ed25cdb8584e072278d8df62e10d72c172bfe1621ba0a51cee61ce)
2026-08-26 11:47:48,197 [canton-env-ec-41] INFO  c.d.c.p.a.s.ApiPackageService:participant=sandbox tid:50e787a507d7bea20526269f39634305 - Received request for a package status: GetPackageStatusRequest(f181cd661f7af3a60bdaae4b0285a2a67beb55d6910fc8431dbae21a5825ec0f)
2026-08-26 11:47:48,197 [canton-env-ec-42] INFO  c.d.c.p.a.s.ApiPackageService:participant=sandbox tid:50e787a507d7bea20526269f39634305 - Received request for a package status: GetPackageStatusRequest(5aee9b21b8e9a4c4975b5f4c4198e6e6e8469df49e2010820e792f393db870f4)
2026-08-26 11:47:48,196 [canton-env-ec-34] INFO  c.d.c.p.a.s.ApiPackageService:participant=sandbox tid:50e787a507d7bea20526269f39634305 - Received request for a package status: GetPackageStatusRequest(52854220dc199884704958df38befd5492d78384a032fd7558c38f00e3d778a2)
2026-08-26 11:47:48,198 [canton-env-ec-35] INFO  c.d.c.p.a.s.ApiPackageService:participant=sandbox tid:50e787a507d7bea20526269f39634305 - Received request for a package status: GetPackageStatusRequest(0e4a572ab1fb94744abb02243a6bbed6c78fc6e3c8d3f60c655f057692a62816)
2026-08-26 11:47:48,201 [canton-env-ec-42] INFO  c.d.c.p.a.s.ApiPackageService:participant=sandbox tid:50e787a507d7bea20526269f39634305 - Received request for a package status: GetPackageStatusRequest(9e70a8b3510d617f8a136213f33d6a903a10ca0eeec76bb06ba55d1ed9680f69)
2026-08-26 11:47:48,201 [canton-env-ec-72] INFO  c.d.c.p.a.s.ApiPackageService:participant=sandbox tid:50e787a507d7bea20526269f39634305 - Received request for a package status: GetPackageStatusRequest(e5411f3d75f072b944bd88e652112a14a3d409c491fd9a51f5f6eede6d3a3348)
2026-08-26 11:47:48,201 [canton-env-ec-71] INFO  c.d.c.p.a.s.ApiPackageService:participant=sandbox tid:50e787a507d7bea20526269f39634305 - Received request for a package status: GetPackageStatusRequest(e7e0adfa881e7dbbb07da065ae54444da7c4bccebcb8872ab0cb5dcf9f3761ce)
2026-08-26 11:47:48,202 [canton-env-ec-72] INFO  c.d.c.p.a.s.ApiPackageService:participant=sandbox tid:50e787a507d7bea20526269f39634305 - Received request for a package status: GetPackageStatusRequest(cae345b5500ef6f84645c816f88b9f7a85a9f3c71697984abdf6849f81e80324)
2026-08-26 11:47:48,202 [canton-env-ec-71] INFO  c.d.c.p.a.s.ApiPackageService:participant=sandbox tid:50e787a507d7bea20526269f39634305 - Received request for a package status: GetPackageStatusRequest(86d888f34152dae8729900966b44abcb466b9c111699678de58032de601d2b04)
2026-08-26 11:47:48,202 [canton-env-ec-42] INFO  c.d.c.p.a.s.ApiPackageService:participant=sandbox tid:50e787a507d7bea20526269f39634305 - Received request for a package status: GetPackageStatusRequest(d095a2ccf6dd36b2415adc4fa676f9191ba63cd39828dc5207b36892ec350cbc)
2026-08-26 11:47:48,202 [canton-env-ec-71] INFO  c.d.c.p.a.s.ApiPackageService:participant=sandbox tid:50e787a507d7bea20526269f39634305 - Received request for a package status: GetPackageStatusRequest(ee33fb70918e7aaa3d3fc44d64a399fb2bf5bcefc54201b1690ecd448551ba88)
2026-08-26 11:47:48,203 [canton-env-ec-71] INFO  c.d.c.p.a.s.ApiPackageService:participant=sandbox tid:50e787a507d7bea20526269f39634305 - Received request for a package status: GetPackageStatusRequest(19f0df5fdaf5a96e137b6ea885fdb378f37bd3166bd9a47ee11518e33fa09a20)
2026-08-26 11:47:48,203 [canton-env-ec-71] INFO  c.d.c.p.a.s.ApiPackageService:participant=sandbox tid:50e787a507d7bea20526269f39634305 - Received request for a package status: GetPackageStatusRequest(6f8e6085f5769861ae7a40dccd618d6f747297d59b37cab89b93e2fa80b0c024)
2026-08-26 11:47:48,204 [canton-env-ec-71] INFO  c.d.c.p.a.s.ApiPackageService:participant=sandbox tid:50e787a507d7bea20526269f39634305 - Received request for a package status: GetPackageStatusRequest(fa79192fe1cce03d7d8db36471dde4cf6c96e6d0f07e1c391dd49e355af9b38c)
2026-08-26 11:47:48,204 [canton-env-ec-71] INFO  c.d.c.p.a.s.ApiPackageService:participant=sandbox tid:50e787a507d7bea20526269f39634305 - Received request for a package status: GetPackageStatusRequest(7adc4c2d07fa3a51173c843cba36e610c1168b2dbbf53076e20c0092eae8763d)
2026-08-26 11:47:48,204 [canton-env-ec-71] INFO  c.d.c.p.a.s.ApiPackageService:participant=sandbox tid:50e787a507d7bea20526269f39634305 - Received request for a package status: GetPackageStatusRequest(de2cc2f90eb523414ff54e899951dadd8789a4c07e0f71f6d6c9eaf57d412a54)
2026-08-26 11:47:48,205 [canton-env-ec-71] INFO  c.d.c.p.a.s.ApiPackageService:participant=sandbox tid:50e787a507d7bea20526269f39634305 - Received request for a package status: GetPackageStatusRequest(fcee8dfc1b81c449b421410edd5041c16ab59c45bbea85bcb094d1b17c3e9df7)
2026-08-26 11:47:48,205 [canton-env-ec-71] INFO  c.d.c.p.a.s.ApiPackageService:participant=sandbox tid:50e787a507d7bea20526269f39634305 - Received request for a package status: GetPackageStatusRequest(bfda48f9aa2c89c895cde538ec4b4946c7085959e031ad61bde616b9849155d7)
2026-08-26 11:47:48,205 [canton-env-ec-71] INFO  c.d.c.p.a.s.ApiPackageService:participant=sandbox tid:50e787a507d7bea20526269f39634305 - Received request for a package status: GetPackageStatusRequest(60c61c542207080e97e378ab447cc355ecc47534b3a3ebbff307c4fb8339bc4d)
2026-08-26 11:47:48,201 [canton-env-ec-34] INFO  c.d.c.p.a.s.ApiPackageService:participant=sandbox tid:50e787a507d7bea20526269f39634305 - Received request for a package status: GetPackageStatusRequest(c280cc3ef501d237efa7b1120ca3ad2d196e089ad596b666bed59a85f3c9a074)
2026-08-26 11:47:48,201 [canton-env-ec-35] INFO  c.d.c.p.a.s.ApiPackageService:participant=sandbox tid:50e787a507d7bea20526269f39634305 - Received request for a package status: GetPackageStatusRequest(91e167fa7a256f21f990c526a0a0df840e99aeef0e67dc1f5415b0309486de74)
2026-08-26 11:47:48,203 [canton-env-ec-42] INFO  c.d.c.p.a.s.ApiPackageService:participant=sandbox tid:50e787a507d7bea20526269f39634305 - Received request for a package status: GetPackageStatusRequest(a1fa18133ae48cbb616c4c148e78e661666778c3087d099067c7fe1868cbb3a1)
2026-08-26 11:47:48,209 [canton-env-ec-71] INFO  c.d.c.p.a.s.ApiPackageService:participant=sandbox tid:50e787a507d7bea20526269f39634305 - Received request for a package status: GetPackageStatusRequest(3cde94fe9be5c700fc1d9a8ad2277e2c1214609f8c52a5b4db77e466875b8cb7)
2026-08-26 11:47:48,202 [canton-env-ec-41] INFO  c.d.c.p.a.s.ApiPackageService:participant=sandbox tid:50e787a507d7bea20526269f39634305 - Received request for a package status: GetPackageStatusRequest(ab068e2f920d0e06347975c2a342b71f8b8e3b4be0f02ead9442caac51aa8877)
2026-08-26 11:47:48,202 [canton-env-ec-72] INFO  c.d.c.p.a.s.ApiPackageService:participant=sandbox tid:50e787a507d7bea20526269f39634305 - Received request for a package status: GetPackageStatusRequest(6da1f43a10a179524e840e7288b47bda213339b0552d92e87ae811e52f59fc0e)
2026-08-26 11:47:48,202 [canton-env-ec-39] INFO  c.d.c.p.a.s.ApiPackageService:participant=sandbox tid:50e787a507d7bea20526269f39634305 - Received request for a package status: GetPackageStatusRequest(c3bb0c5d04799b3f11bad7c3c102963e115cf53da3e4afcbcfd9f06ebd82b4ff)
2026-08-26 11:47:48,201 [canton-env-ec-37] INFO  c.d.c.p.a.s.ApiPackageService:participant=sandbox tid:50e787a507d7bea20526269f39634305 - Received request for a package status: GetPackageStatusRequest(b70db8369e1c461d5c70f1c86f526a29e9776c655e6ffc2560f95b05ccb8b946)
2026-08-26 11:47:49,911 [canton-env-ec-36] INFO  c.d.c.p.a.AdminWorkflowServices:participant=sandbox tid:0603c23acafdd72aa4398388078721ff - Creating admin workflow service admin-ping
2026-08-26 11:47:50,029 [canton-env-ec-41] INFO  c.d.c.p.a.s.ApiStateService:participant=sandbox tid:0603c23acafdd72aa4398388078721ff - Received request for active contracts: GetActiveContractsRequest(0,Some(EventFormat(Map(sandbox::1220f5bf536d16ca773119a86b551b1f70c4b760c780629492aa374d936dcf9277f7 -> Filters(Vector(CumulativeFilter(TemplateFilter(TemplateFilter(Some(Identifier(#canton-builtin-admin-workflow-ping,Canton.Internal.Ping,Ping)),false))), CumulativeFilter(TemplateFilter(TemplateFilter(Some(Identifier(#canton-builtin-admin-workflow-ping,Canton.Internal.Bong,BongProposal)),false))), CumulativeFilter(TemplateFilter(TemplateFilter(Some(Identifier(#canton-builtin-admin-workflow-ping,Canton.Internal.Bong,Explode)),false))), CumulativeFilter(TemplateFilter(TemplateFilter(Some(Identifier(#canton-builtin-admin-workflow-ping,Canton.Internal.Bong,Collapse)),false))), CumulativeFilter(TemplateFilter(TemplateFilter(Some(Identifier(#canton-builtin-admin-workflow-ping,Canton.Internal.Bong,Merge)),false))), CumulativeFilter(TemplateFilter(TemplateFilter(Some(Identifier(#canton-builtin-admin-workflow-ping,Canton.Internal.Bong,Bong)),false)))))),None,false))), filters -> {sandbox::1220f5bf536d16ca773119a86b551b1f70c4b760c780629492aa374d936dcf9277f7: {templates: ['#canton-builtin-admin-workflow-ping:Canton.Internal.Bong:Collapse', '#canton-builtin-admin-workflow-ping:Canton.Internal.Bong:Merge', '#canton-builtin-admin-workflow-ping:Canton.Internal.Bong:BongProposal', '#canton-builtin-admin-workflow-ping:Canton.Internal.Bong:Explode', '#canton-builtin-admin-workflow-ping:Canton.Internal.Bong:Bong', '#canton-builtin-admin-workflow-ping:Canton.Internal.Ping:Ping'], interfaces: []}}.
2026-08-26 11:47:50,102 [canton-env-ec-35] INFO  c.d.c.p.a.s.ApiUpdateService:participant=sandbox tid:0603c23acafdd72aa4398388078721ff - Received request for updates, startExclusive -> 0, endInclusive -> , updateFormat -> {transaction format: [{filters: {sandbox::1220f5bf536d16ca773119a86b551b1f70c4b760c780629492aa374d936dcf9277f7: {templates: ['#canton-builtin-admin-workflow-ping:Canton.Internal.Bong:Collapse', '#canton-builtin-admin-workflow-ping:Canton.Internal.Bong:Merge', '#canton-builtin-admin-workflow-ping:Canton.Internal.Bong:BongProposal', '#canton-builtin-admin-workflow-ping:Canton.Internal.Bong:Explode', '#canton-builtin-admin-workflow-ping:Canton.Internal.Bong:Bong', '#canton-builtin-admin-workflow-ping:Canton.Internal.Ping:Ping'], interfaces: []}}, transactionShape: 'AcsDelta'}], reassignment filters: [{sandbox::1220f5bf536d16ca773119a86b551b1f70c4b760c780629492aa374d936dcf9277f7: {templates: ['#canton-builtin-admin-workflow-ping:Canton.Internal.Bong:Collapse', '#canton-builtin-admin-workflow-ping:Canton.Internal.Bong:Merge', '#canton-builtin-admin-workflow-ping:Canton.Internal.Bong:BongProposal', '#canton-builtin-admin-workflow-ping:Canton.Internal.Bong:Explode', '#canton-builtin-admin-workflow-ping:Canton.Internal.Bong:Bong', '#canton-builtin-admin-workflow-ping:Canton.Internal.Ping:Ping'], interfaces: []}}], topology format: []}.
2026-08-26 11:47:50,149 [canton-env-ec-35] INFO  c.d.c.p.s.SynchronizerConnectionsManager:participant=sandbox tid:91f109feb5ed5199680c338b4ad48b93 - Reconnecting to synchronizers List(). Already connected: Set()
2026-08-26 11:47:50,150 [canton-env-ec-39] INFO  c.d.c.p.s.SynchronizerConnectionsManager:participant=sandbox tid:91f109feb5ed5199680c338b4ad48b93 - Successfully re-connected to synchronizers List()
2026-08-26 11:47:50,151 [main] INFO  c.d.canton.environment.Environment tid:91f109feb5ed5199680c338b4ad48b93 - Successfully started all nodes
2026-08-26 11:47:50,178 [main] INFO  c.digitalasset.canton.ServerRunner - Running script Some(/var/folders/61/pq7by6x96816w7hckr5w_jnw0000gn/T/bootstrap.canton2762556677211247145tmp) (SHA-256:f6871cf365e7...)
2026-08-26 11:47:53,446 [canton-env-ec-39] INFO  c.d.c.t.TemporaryStoreRegistry:sequencer=sequencer1 tid:35950707b6a8f1e07a98572b1b75292a - Creating temporary topology store mysynchronizer-setup
2026-08-26 11:47:53,455 [canton-env-ec-36] INFO  c.d.c.t.TemporaryStoreRegistry:mediator=mediator1 tid:7b2c647356688f936cfe6d8db73bcff7 - Creating temporary topology store mysynchronizer-setup
2026-08-26 11:47:53,562 [canton-env-ec-39] INFO  c.d.c.t.p.TopologyStateProcessorOld:sequencer=sequencer1/store=mysynchronizer-setup tid:2dca732d01acba98376012d69f61bef0 - Storing topology transaction 1/1 TxHash(SHA-256:5c8d5cd38d93...) with ts=EffectiveTime(2026-08-26T08:47:53.560348Z), signedBy=Set(1220b8e961b6...)
2026-08-26 11:47:53,563 [canton-env-ec-36] INFO  c.d.c.t.p.TopologyStateProcessorOld:sequencer=sequencer1/store=mysynchronizer-setup tid:2dca732d01acba98376012d69f61bef0 - Persisted topology transactions (SequencedTime(2026-08-26T08:47:53.560348Z), EffectiveTime(2026-08-26T08:47:53.560348Z)):
ValidatedTopologyTransaction(
  SignedTopologyTransaction(
    TopologyTransaction(
      NamespaceDelegation(1220b8e961b6..., SigningPublicKey(id = 1220b8e961b6..., format = DER-encoded X.509 SubjectPublicKeyInfo, keySpec = EC-Curve25519, usage = namespace), CanSignAllMappings),
      serial = 1,
      operation = Replace,
      hash = SHA-256:5c8d5cd38d93...
    ),
    signatures = 1220b8e961b6...
  )
)
2026-08-26 11:47:53,566 [canton-env-ec-71] INFO  c.d.c.t.p.TopologyStateProcessorOld:sequencer=sequencer1/store=mysynchronizer-setup tid:2dca732d01acba98376012d69f61bef0 - Storing topology transaction 1/1 TxHash(SHA-256:5da6d75f252b...) with ts=EffectiveTime(2026-08-26T08:47:53.563647Z), signedBy=Set(1220b8e961b6..., 1220865731eb..., 122076aa13d1...)
2026-08-26 11:47:53,577 [canton-env-ec-71] INFO  c.d.c.t.p.TopologyStateProcessorOld:sequencer=sequencer1/store=mysynchronizer-setup tid:2dca732d01acba98376012d69f61bef0 - Persisted topology transactions (SequencedTime(2026-08-26T08:47:53.563647Z), EffectiveTime(2026-08-26T08:47:53.563647Z)):
ValidatedTopologyTransaction(
  SignedTopologyTransaction(
    TopologyTransaction(
      OwnerToKeyMapping(
        SEQ::sequencer1::1220b8e961b6...,
        Vector(
          SigningPublicKey(id = 1220865731eb..., format = DER-encoded X.509 SubjectPublicKeyInfo, keySpec = EC-Curve25519, usage = Set(sequencer-auth, proof-of-ownership)),
          SigningPublicKey(id = 122076aa13d1..., format = DER-encoded X.509 SubjectPublicKeyInfo, keySpec = EC-Curve25519, usage = Set(signing, proof-of-ownership))
        )
      ),
      serial = 1,
      operation = Replace,
      hash = SHA-256:5da6d75f252b...
    ),
    signatures = Seq(122076aa13d1..., 1220865731eb..., 1220b8e961b6...)
  )
)
2026-08-26 11:47:53,579 [canton-env-ec-34] INFO  c.d.c.t.p.TopologyStateProcessorOld:sequencer=sequencer1/store=mysynchronizer-setup tid:2dca732d01acba98376012d69f61bef0 - Storing topology transaction 1/1 TxHash(SHA-256:656e41b429aa...) with ts=EffectiveTime(2026-08-26T08:47:53.577535Z), signedBy=Set(1220769fb9ea...)
2026-08-26 11:47:53,580 [canton-env-ec-34] INFO  c.d.c.t.p.TopologyStateProcessorOld:sequencer=sequencer1/store=mysynchronizer-setup tid:2dca732d01acba98376012d69f61bef0 - Persisted topology transactions (SequencedTime(2026-08-26T08:47:53.577535Z), EffectiveTime(2026-08-26T08:47:53.577535Z)):
ValidatedTopologyTransaction(
  SignedTopologyTransaction(
    TopologyTransaction(
      NamespaceDelegation(1220769fb9ea..., SigningPublicKey(id = 1220769fb9ea..., format = DER-encoded X.509 SubjectPublicKeyInfo, keySpec = EC-Curve25519, usage = namespace), CanSignAllMappings),
      serial = 1,
      operation = Replace,
      hash = SHA-256:656e41b429aa...
    ),
    signatures = 1220769fb9ea...
  )
)
2026-08-26 11:47:53,583 [canton-env-ec-39] INFO  c.d.c.t.p.TopologyStateProcessorOld:sequencer=sequencer1/store=mysynchronizer-setup tid:2dca732d01acba98376012d69f61bef0 - Storing topology transaction 1/1 TxHash(SHA-256:02bdad924faf...) with ts=EffectiveTime(2026-08-26T08:47:53.580611Z), signedBy=Set(1220769fb9ea..., 1220505e2921..., 12205ff0bc4d...)
2026-08-26 11:47:53,584 [canton-env-ec-39] INFO  c.d.c.t.p.TopologyStateProcessorOld:sequencer=sequencer1/store=mysynchronizer-setup tid:2dca732d01acba98376012d69f61bef0 - Persisted topology transactions (SequencedTime(2026-08-26T08:47:53.580611Z), EffectiveTime(2026-08-26T08:47:53.580611Z)):
ValidatedTopologyTransaction(
  SignedTopologyTransaction(
    TopologyTransaction(
      OwnerToKeyMapping(
        MED::mediator1::1220769fb9ea...,
        Vector(
          SigningPublicKey(id = 1220505e2921..., format = DER-encoded X.509 SubjectPublicKeyInfo, keySpec = EC-Curve25519, usage = Set(sequencer-auth, proof-of-ownership)),
          SigningPublicKey(id = 12205ff0bc4d..., format = DER-encoded X.509 SubjectPublicKeyInfo, keySpec = EC-Curve25519, usage = Set(signing, proof-of-ownership))
        )
      ),
      serial = 1,
      operation = Replace,
      hash = SHA-256:02bdad924faf...
    ),
    signatures = Seq(1220505e2921..., 12205ff0bc4d..., 1220769fb9ea...)
  )
)
2026-08-26 11:47:53,589 [canton-env-ec-71] INFO  c.d.c.t.p.TopologyStateProcessorOld:sequencer=sequencer1/store=mysynchronizer-setup tid:2dca732d01acba98376012d69f61bef0 - Storing topology transaction 1/1 TxHash(SHA-256:5c8d5cd38d93...) with ts=EffectiveTime(2026-08-26T08:47:53.584532Z), signedBy=Set(1220b8e961b6...)
2026-08-26 11:47:53,590 [canton-env-ec-34] INFO  c.d.c.t.p.TopologyStateProcessorOld:sequencer=sequencer1/store=mysynchronizer-setup tid:2dca732d01acba98376012d69f61bef0 - Persisted topology transactions (SequencedTime(2026-08-26T08:47:53.584532Z), EffectiveTime(2026-08-26T08:47:53.584532Z)):
ValidatedTopologyTransaction(
  SignedTopologyTransaction(
    TopologyTransaction(
      NamespaceDelegation(1220b8e961b6..., SigningPublicKey(id = 1220b8e961b6..., format = DER-encoded X.509 SubjectPublicKeyInfo, keySpec = EC-Curve25519, usage = namespace), CanSignAllMappings),
      serial = 1,
      operation = Replace,
      hash = SHA-256:5c8d5cd38d93...
    ),
    signatures = 1220b8e961b6...
  )
)
2026-08-26 11:47:53,593 [canton-env-ec-71] INFO  c.d.c.t.p.TopologyStateProcessorOld:sequencer=sequencer1/store=mysynchronizer-setup tid:2dca732d01acba98376012d69f61bef0 - Storing topology transaction 1/1 TxHash(SHA-256:5da6d75f252b...) with ts=EffectiveTime(2026-08-26T08:47:53.590650Z), signedBy=Set(1220b8e961b6..., 1220865731eb..., 122076aa13d1...)
2026-08-26 11:47:53,594 [canton-env-ec-71] INFO  c.d.c.t.p.TopologyStateProcessorOld:sequencer=sequencer1/store=mysynchronizer-setup tid:2dca732d01acba98376012d69f61bef0 - Persisted topology transactions (SequencedTime(2026-08-26T08:47:53.590650Z), EffectiveTime(2026-08-26T08:47:53.590650Z)):
ValidatedTopologyTransaction(
  SignedTopologyTransaction(
    TopologyTransaction(
      OwnerToKeyMapping(
        SEQ::sequencer1::1220b8e961b6...,
        Vector(
          SigningPublicKey(id = 1220865731eb..., format = DER-encoded X.509 SubjectPublicKeyInfo, keySpec = EC-Curve25519, usage = Set(sequencer-auth, proof-of-ownership)),
          SigningPublicKey(id = 122076aa13d1..., format = DER-encoded X.509 SubjectPublicKeyInfo, keySpec = EC-Curve25519, usage = Set(signing, proof-of-ownership))
        )
      ),
      serial = 1,
      operation = Replace,
      hash = SHA-256:5da6d75f252b...
    ),
    signatures = Seq(122076aa13d1..., 1220865731eb..., 1220b8e961b6...)
  )
)
2026-08-26 11:47:53,595 [canton-env-ec-41] INFO  c.d.c.t.p.TopologyStateProcessorOld:sequencer=sequencer1/store=mysynchronizer-setup tid:2dca732d01acba98376012d69f61bef0 - Storing topology transaction 1/1 TxHash(SHA-256:656e41b429aa...) with ts=EffectiveTime(2026-08-26T08:47:53.594376Z), signedBy=Set(1220769fb9ea...)
2026-08-26 11:47:53,596 [canton-env-ec-41] INFO  c.d.c.t.p.TopologyStateProcessorOld:sequencer=sequencer1/store=mysynchronizer-setup tid:2dca732d01acba98376012d69f61bef0 - Persisted topology transactions (SequencedTime(2026-08-26T08:47:53.594376Z), EffectiveTime(2026-08-26T08:47:53.594376Z)):
ValidatedTopologyTransaction(
  SignedTopologyTransaction(
    TopologyTransaction(
      NamespaceDelegation(1220769fb9ea..., SigningPublicKey(id = 1220769fb9ea..., format = DER-encoded X.509 SubjectPublicKeyInfo, keySpec = EC-Curve25519, usage = namespace), CanSignAllMappings),
      serial = 1,
      operation = Replace,
      hash = SHA-256:656e41b429aa...
    ),
    signatures = 1220769fb9ea...
  )
)
2026-08-26 11:47:53,599 [canton-env-ec-37] INFO  c.d.c.t.p.TopologyStateProcessorOld:sequencer=sequencer1/store=mysynchronizer-setup tid:2dca732d01acba98376012d69f61bef0 - Storing topology transaction 1/1 TxHash(SHA-256:02bdad924faf...) with ts=EffectiveTime(2026-08-26T08:47:53.596674Z), signedBy=Set(1220769fb9ea..., 1220505e2921..., 12205ff0bc4d...)
2026-08-26 11:47:53,600 [canton-env-ec-37] INFO  c.d.c.t.p.TopologyStateProcessorOld:sequencer=sequencer1/store=mysynchronizer-setup tid:2dca732d01acba98376012d69f61bef0 - Persisted topology transactions (SequencedTime(2026-08-26T08:47:53.596674Z), EffectiveTime(2026-08-26T08:47:53.596674Z)):
ValidatedTopologyTransaction(
  SignedTopologyTransaction(
    TopologyTransaction(
      OwnerToKeyMapping(
        MED::mediator1::1220769fb9ea...,
        Vector(
          SigningPublicKey(id = 1220505e2921..., format = DER-encoded X.509 SubjectPublicKeyInfo, keySpec = EC-Curve25519, usage = Set(sequencer-auth, proof-of-ownership)),
          SigningPublicKey(id = 12205ff0bc4d..., format = DER-encoded X.509 SubjectPublicKeyInfo, keySpec = EC-Curve25519, usage = Set(signing, proof-of-ownership))
        )
      ),
      serial = 1,
      operation = Replace,
      hash = SHA-256:02bdad924faf...
    ),
    signatures = Seq(1220505e2921..., 12205ff0bc4d..., 1220769fb9ea...)
  )
)
2026-08-26 11:47:53,617 [canton-env-ec-37] INFO  c.d.c.t.p.TopologyStateProcessorOld:mediator=mediator1/store=mysynchronizer-setup tid:222c0966ead80cac67ce593f4c70dee4 - Storing topology transaction 1/1 TxHash(SHA-256:5c8d5cd38d93...) with ts=EffectiveTime(2026-08-26T08:47:53.615720Z), signedBy=Set(1220b8e961b6...)
2026-08-26 11:47:53,618 [canton-env-ec-37] INFO  c.d.c.t.p.TopologyStateProcessorOld:mediator=mediator1/store=mysynchronizer-setup tid:222c0966ead80cac67ce593f4c70dee4 - Persisted topology transactions (SequencedTime(2026-08-26T08:47:53.615720Z), EffectiveTime(2026-08-26T08:47:53.615720Z)):
ValidatedTopologyTransaction(
  SignedTopologyTransaction(
    TopologyTransaction(
      NamespaceDelegation(1220b8e961b6..., SigningPublicKey(id = 1220b8e961b6..., format = DER-encoded X.509 SubjectPublicKeyInfo, keySpec = EC-Curve25519, usage = namespace), CanSignAllMappings),
      serial = 1,
      operation = Replace,
      hash = SHA-256:5c8d5cd38d93...
    ),
    signatures = 1220b8e961b6...
  )
)
2026-08-26 11:47:53,621 [canton-env-ec-41] INFO  c.d.c.t.p.TopologyStateProcessorOld:mediator=mediator1/store=mysynchronizer-setup tid:222c0966ead80cac67ce593f4c70dee4 - Storing topology transaction 1/1 TxHash(SHA-256:5da6d75f252b...) with ts=EffectiveTime(2026-08-26T08:47:53.618687Z), signedBy=Set(1220b8e961b6..., 1220865731eb..., 122076aa13d1...)
2026-08-26 11:47:53,622 [canton-env-ec-41] INFO  c.d.c.t.p.TopologyStateProcessorOld:mediator=mediator1/store=mysynchronizer-setup tid:222c0966ead80cac67ce593f4c70dee4 - Persisted topology transactions (SequencedTime(2026-08-26T08:47:53.618687Z), EffectiveTime(2026-08-26T08:47:53.618687Z)):
ValidatedTopologyTransaction(
  SignedTopologyTransaction(
    TopologyTransaction(
      OwnerToKeyMapping(
        SEQ::sequencer1::1220b8e961b6...,
        Vector(
          SigningPublicKey(id = 1220865731eb..., format = DER-encoded X.509 SubjectPublicKeyInfo, keySpec = EC-Curve25519, usage = Set(sequencer-auth, proof-of-ownership)),
          SigningPublicKey(id = 122076aa13d1..., format = DER-encoded X.509 SubjectPublicKeyInfo, keySpec = EC-Curve25519, usage = Set(signing, proof-of-ownership))
        )
      ),
      serial = 1,
      operation = Replace,
      hash = SHA-256:5da6d75f252b...
    ),
    signatures = Seq(122076aa13d1..., 1220865731eb..., 1220b8e961b6...)
  )
)
2026-08-26 11:47:53,623 [canton-env-ec-39] INFO  c.d.c.t.p.TopologyStateProcessorOld:mediator=mediator1/store=mysynchronizer-setup tid:222c0966ead80cac67ce593f4c70dee4 - Storing topology transaction 1/1 TxHash(SHA-256:656e41b429aa...) with ts=EffectiveTime(2026-08-26T08:47:53.622339Z), signedBy=Set(1220769fb9ea...)
2026-08-26 11:47:53,624 [canton-env-ec-39] INFO  c.d.c.t.p.TopologyStateProcessorOld:mediator=mediator1/store=mysynchronizer-setup tid:222c0966ead80cac67ce593f4c70dee4 - Persisted topology transactions (SequencedTime(2026-08-26T08:47:53.622339Z), EffectiveTime(2026-08-26T08:47:53.622339Z)):
ValidatedTopologyTransaction(
  SignedTopologyTransaction(
    TopologyTransaction(
      NamespaceDelegation(1220769fb9ea..., SigningPublicKey(id = 1220769fb9ea..., format = DER-encoded X.509 SubjectPublicKeyInfo, keySpec = EC-Curve25519, usage = namespace), CanSignAllMappings),
      serial = 1,
      operation = Replace,
      hash = SHA-256:656e41b429aa...
    ),
    signatures = 1220769fb9ea...
  )
)
2026-08-26 11:47:53,627 [canton-env-ec-39] INFO  c.d.c.t.p.TopologyStateProcessorOld:mediator=mediator1/store=mysynchronizer-setup tid:222c0966ead80cac67ce593f4c70dee4 - Storing topology transaction 1/1 TxHash(SHA-256:02bdad924faf...) with ts=EffectiveTime(2026-08-26T08:47:53.624793Z), signedBy=Set(1220769fb9ea..., 1220505e2921..., 12205ff0bc4d...)
2026-08-26 11:47:53,628 [canton-env-ec-39] INFO  c.d.c.t.p.TopologyStateProcessorOld:mediator=mediator1/store=mysynchronizer-setup tid:222c0966ead80cac67ce593f4c70dee4 - Persisted topology transactions (SequencedTime(2026-08-26T08:47:53.624793Z), EffectiveTime(2026-08-26T08:47:53.624793Z)):
ValidatedTopologyTransaction(
  SignedTopologyTransaction(
    TopologyTransaction(
      OwnerToKeyMapping(
        MED::mediator1::1220769fb9ea...,
        Vector(
          SigningPublicKey(id = 1220505e2921..., format = DER-encoded X.509 SubjectPublicKeyInfo, keySpec = EC-Curve25519, usage = Set(sequencer-auth, proof-of-ownership)),
          SigningPublicKey(id = 12205ff0bc4d..., format = DER-encoded X.509 SubjectPublicKeyInfo, keySpec = EC-Curve25519, usage = Set(signing, proof-of-ownership))
        )
      ),
      serial = 1,
      operation = Replace,
      hash = SHA-256:02bdad924faf...
    ),
    signatures = Seq(1220505e2921..., 12205ff0bc4d..., 1220769fb9ea...)
  )
)
2026-08-26 11:47:53,629 [canton-env-ec-37] INFO  c.d.c.t.p.TopologyStateProcessorOld:mediator=mediator1/store=mysynchronizer-setup tid:222c0966ead80cac67ce593f4c70dee4 - Storing topology transaction 1/1 TxHash(SHA-256:5c8d5cd38d93...) with ts=EffectiveTime(2026-08-26T08:47:53.628423Z), signedBy=Set(1220b8e961b6...)
2026-08-26 11:47:53,630 [canton-env-ec-37] INFO  c.d.c.t.p.TopologyStateProcessorOld:mediator=mediator1/store=mysynchronizer-setup tid:222c0966ead80cac67ce593f4c70dee4 - Persisted topology transactions (SequencedTime(2026-08-26T08:47:53.628423Z), EffectiveTime(2026-08-26T08:47:53.628423Z)):
ValidatedTopologyTransaction(
  SignedTopologyTransaction(
    TopologyTransaction(
      NamespaceDelegation(1220b8e961b6..., SigningPublicKey(id = 1220b8e961b6..., format = DER-encoded X.509 SubjectPublicKeyInfo, keySpec = EC-Curve25519, usage = namespace), CanSignAllMappings),
      serial = 1,
      operation = Replace,
      hash = SHA-256:5c8d5cd38d93...
    ),
    signatures = 1220b8e961b6...
  )
)
2026-08-26 11:47:53,632 [canton-env-ec-39] INFO  c.d.c.t.p.TopologyStateProcessorOld:mediator=mediator1/store=mysynchronizer-setup tid:222c0966ead80cac67ce593f4c70dee4 - Storing topology transaction 1/1 TxHash(SHA-256:5da6d75f252b...) with ts=EffectiveTime(2026-08-26T08:47:53.630775Z), signedBy=Set(1220b8e961b6..., 1220865731eb..., 122076aa13d1...)
2026-08-26 11:47:53,633 [canton-env-ec-39] INFO  c.d.c.t.p.TopologyStateProcessorOld:mediator=mediator1/store=mysynchronizer-setup tid:222c0966ead80cac67ce593f4c70dee4 - Persisted topology transactions (SequencedTime(2026-08-26T08:47:53.630775Z), EffectiveTime(2026-08-26T08:47:53.630775Z)):
ValidatedTopologyTransaction(
  SignedTopologyTransaction(
    TopologyTransaction(
      OwnerToKeyMapping(
        SEQ::sequencer1::1220b8e961b6...,
        Vector(
          SigningPublicKey(id = 1220865731eb..., format = DER-encoded X.509 SubjectPublicKeyInfo, keySpec = EC-Curve25519, usage = Set(sequencer-auth, proof-of-ownership)),
          SigningPublicKey(id = 122076aa13d1..., format = DER-encoded X.509 SubjectPublicKeyInfo, keySpec = EC-Curve25519, usage = Set(signing, proof-of-ownership))
        )
      ),
      serial = 1,
      operation = Replace,
      hash = SHA-256:5da6d75f252b...
    ),
    signatures = Seq(122076aa13d1..., 1220865731eb..., 1220b8e961b6...)
  )
)
2026-08-26 11:47:53,635 [canton-env-ec-35] INFO  c.d.c.t.p.TopologyStateProcessorOld:mediator=mediator1/store=mysynchronizer-setup tid:222c0966ead80cac67ce593f4c70dee4 - Storing topology transaction 1/1 TxHash(SHA-256:656e41b429aa...) with ts=EffectiveTime(2026-08-26T08:47:53.633991Z), signedBy=Set(1220769fb9ea...)
2026-08-26 11:47:53,635 [canton-env-ec-35] INFO  c.d.c.t.p.TopologyStateProcessorOld:mediator=mediator1/store=mysynchronizer-setup tid:222c0966ead80cac67ce593f4c70dee4 - Persisted topology transactions (SequencedTime(2026-08-26T08:47:53.633991Z), EffectiveTime(2026-08-26T08:47:53.633991Z)):
ValidatedTopologyTransaction(
  SignedTopologyTransaction(
    TopologyTransaction(
      NamespaceDelegation(1220769fb9ea..., SigningPublicKey(id = 1220769fb9ea..., format = DER-encoded X.509 SubjectPublicKeyInfo, keySpec = EC-Curve25519, usage = namespace), CanSignAllMappings),
      serial = 1,
      operation = Replace,
      hash = SHA-256:656e41b429aa...
    ),
    signatures = 1220769fb9ea...
  )
)
2026-08-26 11:47:53,638 [canton-env-ec-39] INFO  c.d.c.t.p.TopologyStateProcessorOld:mediator=mediator1/store=mysynchronizer-setup tid:222c0966ead80cac67ce593f4c70dee4 - Storing topology transaction 1/1 TxHash(SHA-256:02bdad924faf...) with ts=EffectiveTime(2026-08-26T08:47:53.636004Z), signedBy=Set(1220769fb9ea..., 1220505e2921..., 12205ff0bc4d...)
2026-08-26 11:47:53,638 [canton-env-ec-39] INFO  c.d.c.t.p.TopologyStateProcessorOld:mediator=mediator1/store=mysynchronizer-setup tid:222c0966ead80cac67ce593f4c70dee4 - Persisted topology transactions (SequencedTime(2026-08-26T08:47:53.636004Z), EffectiveTime(2026-08-26T08:47:53.636004Z)):
ValidatedTopologyTransaction(
  SignedTopologyTransaction(
    TopologyTransaction(
      OwnerToKeyMapping(
        MED::mediator1::1220769fb9ea...,
        Vector(
          SigningPublicKey(id = 1220505e2921..., format = DER-encoded X.509 SubjectPublicKeyInfo, keySpec = EC-Curve25519, usage = Set(sequencer-auth, proof-of-ownership)),
          SigningPublicKey(id = 12205ff0bc4d..., format = DER-encoded X.509 SubjectPublicKeyInfo, keySpec = EC-Curve25519, usage = Set(signing, proof-of-ownership))
        )
      ),
      serial = 1,
      operation = Replace,
      hash = SHA-256:02bdad924faf...
    ),
    signatures = Seq(1220505e2921..., 12205ff0bc4d..., 1220769fb9ea...)
  )
)
2026-08-26 11:47:53,677 [canton-env-ec-41] INFO  c.d.c.t.p.TopologyStateProcessorOld:sequencer=sequencer1/store=mysynchronizer-setup tid:c32227dc68759a56c99aad509e0e9a3c - Storing topology transaction 1/1 TxHash(SHA-256:4a14605fd842...) with ts=EffectiveTime(2026-08-26T08:47:53.675275Z), signedBy=Set(1220b8e961b6...)
2026-08-26 11:47:53,678 [canton-env-ec-41] INFO  c.d.c.t.p.TopologyStateProcessorOld:sequencer=sequencer1/store=mysynchronizer-setup tid:c32227dc68759a56c99aad509e0e9a3c - Persisted topology transactions (SequencedTime(2026-08-26T08:47:53.675275Z), EffectiveTime(2026-08-26T08:47:53.675275Z)):
ValidatedTopologyTransaction(
  SignedTopologyTransaction(
    TopologyTransaction(DecentralizedNamespaceDefinition(12204a455d07..., PositiveNumeric(1), Set(1220b8e961b6..., 1220769fb9ea...)), serial = 1, operation = Replace, hash = SHA-256:4a14605fd842...),
    signatures = 1220b8e961b6...,
    proposal
  )
)
2026-08-26 11:47:53,700 [canton-env-ec-37] INFO  c.d.c.t.p.TopologyStateProcessorOld:mediator=mediator1/store=mysynchronizer-setup tid:e183d2182fac3607ae56820ca64569b9 - Storing topology transaction 1/1 TxHash(SHA-256:4a14605fd842...) with ts=EffectiveTime(2026-08-26T08:47:53.699151Z), signedBy=Set(1220769fb9ea...)
2026-08-26 11:47:53,701 [canton-env-ec-37] INFO  c.d.c.t.p.TopologyStateProcessorOld:mediator=mediator1/store=mysynchronizer-setup tid:e183d2182fac3607ae56820ca64569b9 - Persisted topology transactions (SequencedTime(2026-08-26T08:47:53.699151Z), EffectiveTime(2026-08-26T08:47:53.699151Z)):
ValidatedTopologyTransaction(
  SignedTopologyTransaction(
    TopologyTransaction(DecentralizedNamespaceDefinition(12204a455d07..., PositiveNumeric(1), Set(1220b8e961b6..., 1220769fb9ea...)), serial = 1, operation = Replace, hash = SHA-256:4a14605fd842...),
    signatures = 1220769fb9ea...,
    proposal
  )
)
2026-08-26 11:47:53,728 [canton-env-ec-36] INFO  c.d.c.t.p.TopologyStateProcessorOld:sequencer=sequencer1/store=mysynchronizer-setup tid:81b1753f224326a796e02d8fe6babc19 - Storing topology transaction 1/1 TxHash(SHA-256:4a14605fd842...) with ts=EffectiveTime(2026-08-26T08:47:53.724734Z), signedBy=Set(1220b8e961b6..., 1220769fb9ea...)
2026-08-26 11:47:53,729 [canton-env-ec-36] INFO  c.d.c.t.p.TopologyStateProcessorOld:sequencer=sequencer1/store=mysynchronizer-setup tid:81b1753f224326a796e02d8fe6babc19 - Persisted topology transactions (SequencedTime(2026-08-26T08:47:53.724734Z), EffectiveTime(2026-08-26T08:47:53.724734Z)):
ValidatedTopologyTransaction(
  SignedTopologyTransaction(
    TopologyTransaction(DecentralizedNamespaceDefinition(12204a455d07..., PositiveNumeric(1), Set(1220b8e961b6..., 1220769fb9ea...)), serial = 1, operation = Replace, hash = SHA-256:4a14605fd842...),
    signatures = Seq(1220769fb9ea..., 1220b8e961b6...)
  )
)
2026-08-26 11:47:53,741 [canton-env-ec-37] INFO  c.d.c.t.p.TopologyStateProcessorOld:mediator=mediator1/store=mysynchronizer-setup tid:bf8c850b2bdac8465bd24e110edcbf99 - Storing topology transaction 1/1 TxHash(SHA-256:4a14605fd842...) with ts=EffectiveTime(2026-08-26T08:47:53.739117Z), signedBy=Set(1220b8e961b6..., 1220769fb9ea...)
2026-08-26 11:47:53,742 [canton-env-ec-41] INFO  c.d.c.t.p.TopologyStateProcessorOld:mediator=mediator1/store=mysynchronizer-setup tid:bf8c850b2bdac8465bd24e110edcbf99 - Persisted topology transactions (SequencedTime(2026-08-26T08:47:53.739117Z), EffectiveTime(2026-08-26T08:47:53.739117Z)):
ValidatedTopologyTransaction(
  SignedTopologyTransaction(
    TopologyTransaction(DecentralizedNamespaceDefinition(12204a455d07..., PositiveNumeric(1), Set(1220b8e961b6..., 1220769fb9ea...)), serial = 1, operation = Replace, hash = SHA-256:4a14605fd842...),
    signatures = Seq(1220769fb9ea..., 1220b8e961b6...)
  )
)
2026-08-26 11:47:53,811 [canton-env-ec-39] INFO  c.d.c.t.p.TopologyStateProcessorOld:sequencer=sequencer1/store=mysynchronizer-setup tid:2042c6997c8e5150631baca495a48c0d - Storing topology transaction 1/1 TxHash(SHA-256:e5498fa90a1c...) with ts=EffectiveTime(2026-08-26T08:47:53.808994Z), signedBy=Set(1220b8e961b6...)
2026-08-26 11:47:53,812 [canton-env-ec-39] INFO  c.d.c.t.p.TopologyStateProcessorOld:sequencer=sequencer1/store=mysynchronizer-setup tid:2042c6997c8e5150631baca495a48c0d - Persisted topology transactions (SequencedTime(2026-08-26T08:47:53.808994Z), EffectiveTime(2026-08-26T08:47:53.808994Z)):
ValidatedTopologyTransaction(
  SignedTopologyTransaction(
    TopologyTransaction(
      SynchronizerParametersState(
        mysynchronizer::12204a455d07...,
        DynamicSynchronizerParameters(
          confirmation response timeout = 30s,
          mediator reaction timeout = 30s,
          assignment exclusivity timeout = 1m,
          ledger time record time tolerance = 1m,
          mediator deduplication timeout = 48h,
          reconciliation interval = 1m,
          confirmation requests max rate = 1000000,
          max request size = 10485760,
          sequencer aggregate submission timeout = 6m,
          ACS commitment catchup = AcsCommitmentsCatchUpParameters(catchUpIntervalSkip = 5, nrIntervalsToTriggerCatchUp = 2),
          participant synchronizer limits = ParticipantSynchronizerLimits(confirmation requests max rate = 1000000),
          preparation time record time tolerance = 24h,
          onboarding restriction = UnrestrictedOpen
        )
      ),
      serial = 1,
      operation = Replace,
      hash = SHA-256:e5498fa90a1c...
    ),
    signatures = 1220b8e961b6...
  )
)
2026-08-26 11:47:53,838 [canton-env-ec-34] INFO  c.d.c.t.p.TopologyStateProcessorOld:sequencer=sequencer1/store=mysynchronizer-setup tid:d00e3d4fa7864ea145dec05f7f15242b - Storing topology transaction 1/1 TxHash(SHA-256:6bfe1e56afd9...) with ts=EffectiveTime(2026-08-26T08:47:53.836769Z), signedBy=Set(1220b8e961b6...)
2026-08-26 11:47:53,839 [canton-env-ec-34] INFO  c.d.c.t.p.TopologyStateProcessorOld:sequencer=sequencer1/store=mysynchronizer-setup tid:d00e3d4fa7864ea145dec05f7f15242b - Persisted topology transactions (SequencedTime(2026-08-26T08:47:53.836769Z), EffectiveTime(2026-08-26T08:47:53.836769Z)):
ValidatedTopologyTransaction(
  SignedTopologyTransaction(
    TopologyTransaction(
      MediatorSynchronizerState(mysynchronizer::12204a455d07..., NonNegativeNumeric(0), PositiveNumeric(1), Vector(MED::mediator1::1220769fb9ea...), Vector()),
      serial = 1,
      operation = Replace,
      hash = SHA-256:6bfe1e56afd9...
    ),
    signatures = 1220b8e961b6...
  )
)
2026-08-26 11:47:53,863 [canton-env-ec-41] INFO  c.d.c.t.p.TopologyStateProcessorOld:sequencer=sequencer1/store=mysynchronizer-setup tid:83490897f817c6ebf019d4a0b9efd53d - Storing topology transaction 1/1 TxHash(SHA-256:3cb5768e384e...) with ts=EffectiveTime(2026-08-26T08:47:53.861691Z), signedBy=Set(1220b8e961b6...)
2026-08-26 11:47:53,864 [canton-env-ec-39] INFO  c.d.c.t.p.TopologyStateProcessorOld:sequencer=sequencer1/store=mysynchronizer-setup tid:83490897f817c6ebf019d4a0b9efd53d - Persisted topology transactions (SequencedTime(2026-08-26T08:47:53.861691Z), EffectiveTime(2026-08-26T08:47:53.861691Z)):
ValidatedTopologyTransaction(
  SignedTopologyTransaction(
    TopologyTransaction(
      SequencerSynchronizerState(mysynchronizer::12204a455d07..., PositiveNumeric(1), Vector(SEQ::sequencer1::1220b8e961b6...), Vector()),
      serial = 1,
      operation = Replace,
      hash = SHA-256:3cb5768e384e...
    ),
    signatures = 1220b8e961b6...
  )
)
2026-08-26 11:47:53,884 [canton-env-ec-71] INFO  c.d.c.t.p.TopologyStateProcessorOld:mediator=mediator1/store=mysynchronizer-setup tid:7f331e34f83abb3bfeb86791ba03b185 - Storing topology transaction 1/1 TxHash(SHA-256:e5498fa90a1c...) with ts=EffectiveTime(2026-08-26T08:47:53.882654Z), signedBy=Set(1220769fb9ea...)
2026-08-26 11:47:53,885 [canton-env-ec-71] INFO  c.d.c.t.p.TopologyStateProcessorOld:mediator=mediator1/store=mysynchronizer-setup tid:7f331e34f83abb3bfeb86791ba03b185 - Persisted topology transactions (SequencedTime(2026-08-26T08:47:53.882654Z), EffectiveTime(2026-08-26T08:47:53.882654Z)):
ValidatedTopologyTransaction(
  SignedTopologyTransaction(
    TopologyTransaction(
      SynchronizerParametersState(
        mysynchronizer::12204a455d07...,
        DynamicSynchronizerParameters(
          confirmation response timeout = 30s,
          mediator reaction timeout = 30s,
          assignment exclusivity timeout = 1m,
          ledger time record time tolerance = 1m,
          mediator deduplication timeout = 48h,
          reconciliation interval = 1m,
          confirmation requests max rate = 1000000,
          max request size = 10485760,
          sequencer aggregate submission timeout = 6m,
          ACS commitment catchup = AcsCommitmentsCatchUpParameters(catchUpIntervalSkip = 5, nrIntervalsToTriggerCatchUp = 2),
          participant synchronizer limits = ParticipantSynchronizerLimits(confirmation requests max rate = 1000000),
          preparation time record time tolerance = 24h,
          onboarding restriction = UnrestrictedOpen
        )
      ),
      serial = 1,
      operation = Replace,
      hash = SHA-256:e5498fa90a1c...
    ),
    signatures = 1220769fb9ea...
  )
)
2026-08-26 11:47:53,902 [canton-env-ec-34] INFO  c.d.c.t.p.TopologyStateProcessorOld:mediator=mediator1/store=mysynchronizer-setup tid:b598f52de9e2528f32597ac5c116a3cd - Storing topology transaction 1/1 TxHash(SHA-256:6bfe1e56afd9...) with ts=EffectiveTime(2026-08-26T08:47:53.900959Z), signedBy=Set(1220769fb9ea...)
2026-08-26 11:47:53,903 [canton-env-ec-34] INFO  c.d.c.t.p.TopologyStateProcessorOld:mediator=mediator1/store=mysynchronizer-setup tid:b598f52de9e2528f32597ac5c116a3cd - Persisted topology transactions (SequencedTime(2026-08-26T08:47:53.900959Z), EffectiveTime(2026-08-26T08:47:53.900959Z)):
ValidatedTopologyTransaction(
  SignedTopologyTransaction(
    TopologyTransaction(
      MediatorSynchronizerState(mysynchronizer::12204a455d07..., NonNegativeNumeric(0), PositiveNumeric(1), Vector(MED::mediator1::1220769fb9ea...), Vector()),
      serial = 1,
      operation = Replace,
      hash = SHA-256:6bfe1e56afd9...
    ),
    signatures = 1220769fb9ea...
  )
)
2026-08-26 11:47:53,918 [canton-env-ec-42] INFO  c.d.c.t.p.TopologyStateProcessorOld:mediator=mediator1/store=mysynchronizer-setup tid:e521ab37de5377ecfeb876f0b5e2fbb7 - Storing topology transaction 1/1 TxHash(SHA-256:3cb5768e384e...) with ts=EffectiveTime(2026-08-26T08:47:53.916845Z), signedBy=Set(1220769fb9ea...)
2026-08-26 11:47:53,919 [canton-env-ec-34] INFO  c.d.c.t.p.TopologyStateProcessorOld:mediator=mediator1/store=mysynchronizer-setup tid:e521ab37de5377ecfeb876f0b5e2fbb7 - Persisted topology transactions (SequencedTime(2026-08-26T08:47:53.916845Z), EffectiveTime(2026-08-26T08:47:53.916845Z)):
ValidatedTopologyTransaction(
  SignedTopologyTransaction(
    TopologyTransaction(
      SequencerSynchronizerState(mysynchronizer::12204a455d07..., PositiveNumeric(1), Vector(SEQ::sequencer1::1220b8e961b6...), Vector()),
      serial = 1,
      operation = Replace,
      hash = SHA-256:3cb5768e384e...
    ),
    signatures = 1220769fb9ea...
  )
)
2026-08-26 11:47:53,970 [canton-env-ec-35] INFO  c.d.c.s.s.SequencerNodeBootstrap$WaitForSequencerToSynchronizerInit:sequencer=sequencer1 tid:871ce4808086d5020eb72fccd8d49618 - Assigning sequencer to synchronizer from beginning
2026-08-26 11:47:54,030 [canton-env-ec-34] INFO  c.d.c.t.p.InitialTopologySnapshotValidator:sequencer=sequencer1 tid:871ce4808086d5020eb72fccd8d49618 - Validating 8/8 transactions to initialize the topology store mysynchronizer::12204a455d07...::34-0 with 1 sequencer times
2026-08-26 11:47:54,062 [canton-env-ec-37] INFO  c.d.c.t.p.TopologyStateProcessorOld:sequencer=sequencer1 tid:871ce4808086d5020eb72fccd8d49618 - Storing topology transaction 1/8 TxHash(SHA-256:5c8d5cd38d93...) with ts=EffectiveTime(0001-01-01T00:00:00.000001Z), signedBy=Set(1220b8e961b6...)
2026-08-26 11:47:54,062 [canton-env-ec-37] INFO  c.d.c.t.p.TopologyStateProcessorOld:sequencer=sequencer1 tid:871ce4808086d5020eb72fccd8d49618 - Storing topology transaction 2/8 TxHash(SHA-256:5da6d75f252b...) with ts=EffectiveTime(0001-01-01T00:00:00.000001Z), signedBy=Set(1220b8e961b6..., 1220865731eb..., 122076aa13d1...)
2026-08-26 11:47:54,062 [canton-env-ec-37] INFO  c.d.c.t.p.TopologyStateProcessorOld:sequencer=sequencer1 tid:871ce4808086d5020eb72fccd8d49618 - Storing topology transaction 3/8 TxHash(SHA-256:656e41b429aa...) with ts=EffectiveTime(0001-01-01T00:00:00.000001Z), signedBy=Set(1220769fb9ea...)
2026-08-26 11:47:54,062 [canton-env-ec-37] INFO  c.d.c.t.p.TopologyStateProcessorOld:sequencer=sequencer1 tid:871ce4808086d5020eb72fccd8d49618 - Storing topology transaction 4/8 TxHash(SHA-256:02bdad924faf...) with ts=EffectiveTime(0001-01-01T00:00:00.000001Z), signedBy=Set(1220769fb9ea..., 1220505e2921..., 12205ff0bc4d...)
2026-08-26 11:47:54,062 [canton-env-ec-37] INFO  c.d.c.t.p.TopologyStateProcessorOld:sequencer=sequencer1 tid:871ce4808086d5020eb72fccd8d49618 - Storing topology transaction 5/8 TxHash(SHA-256:4a14605fd842...) with ts=EffectiveTime(0001-01-01T00:00:00.000001Z), signedBy=Set(1220b8e961b6..., 1220769fb9ea...)
2026-08-26 11:47:54,062 [canton-env-ec-37] INFO  c.d.c.t.p.TopologyStateProcessorOld:sequencer=sequencer1 tid:871ce4808086d5020eb72fccd8d49618 - Storing topology transaction 6/8 TxHash(SHA-256:e5498fa90a1c...) with ts=EffectiveTime(0001-01-01T00:00:00.000001Z), signedBy=Set(1220b8e961b6..., 1220769fb9ea...)
2026-08-26 11:47:54,063 [canton-env-ec-37] INFO  c.d.c.t.p.TopologyStateProcessorOld:sequencer=sequencer1 tid:871ce4808086d5020eb72fccd8d49618 - Storing topology transaction 7/8 TxHash(SHA-256:6bfe1e56afd9...) with ts=EffectiveTime(0001-01-01T00:00:00.000001Z), signedBy=Set(1220b8e961b6..., 1220769fb9ea...)
2026-08-26 11:47:54,063 [canton-env-ec-37] INFO  c.d.c.t.p.TopologyStateProcessorOld:sequencer=sequencer1 tid:871ce4808086d5020eb72fccd8d49618 - Storing topology transaction 8/8 TxHash(SHA-256:3cb5768e384e...) with ts=EffectiveTime(0001-01-01T00:00:00.000001Z), signedBy=Set(1220b8e961b6..., 1220769fb9ea...)
2026-08-26 11:47:54,067 [canton-env-ec-35] INFO  c.d.c.t.p.TopologyStateProcessorOld:sequencer=sequencer1 tid:871ce4808086d5020eb72fccd8d49618 - Persisted topology transactions (SequencedTime(0001-01-01T00:00:00.000001Z), EffectiveTime(0001-01-01T00:00:00.000001Z)):
ValidatedTopologyTransaction(
  SignedTopologyTransaction(
    TopologyTransaction(
      NamespaceDelegation(1220b8e961b6..., SigningPublicKey(id = 1220b8e961b6..., format = DER-encoded X.509 SubjectPublicKeyInfo, keySpec = EC-Curve25519, usage = namespace), CanSignAllMappings),
      serial = 1,
      operation = Replace,
      hash = SHA-256:5c8d5cd38d93...
    ),
    signatures = 1220b8e961b6...
  )
),
ValidatedTopologyTransaction(
  SignedTopologyTransaction(
    TopologyTransaction(
      OwnerToKeyMapping(
        SEQ::sequencer1::1220b8e961b6...,
        Vector(
          SigningPublicKey(id = 1220865731eb..., format = DER-encoded X.509 SubjectPublicKeyInfo, keySpec = EC-Curve25519, usage = Set(sequencer-auth, proof-of-ownership)),
          SigningPublicKey(id = 122076aa13d1..., format = DER-encoded X.509 SubjectPublicKeyInfo, keySpec = EC-Curve25519, usage = Set(signing, proof-of-ownership))
        )
      ),
      serial = 1,
      operation = Replace,
      hash = SHA-256:5da6d75f252b...
    ),
    signatures = Seq(122076aa13d1..., 1220865731eb..., 1220b8e961b6...)
  )
),
ValidatedTopologyTransaction(
  SignedTopologyTransaction(
    TopologyTransaction(
      NamespaceDelegation(1220769fb9ea..., SigningPublicKey(id = 1220769fb9ea..., format = DER-encoded X.509 SubjectPublicKeyInfo, keySpec = EC-Curve25519, usage = namespace), CanSignAllMappings),
      serial = 1,
      operation = Replace,
      hash = SHA-256:656e41b429aa...
    ),
    signatures = 1220769fb9ea...
  )
),
ValidatedTopologyTransaction(
  SignedTopologyTransaction(
    TopologyTransaction(
      OwnerToKeyMapping(
        MED::mediator1::1220769fb9ea...,
        Vector(
          SigningPublicKey(id = 1220505e2921..., format = DER-encoded X.509 SubjectPublicKeyInfo, keySpec = EC-Curve25519, usage = Set(sequencer-auth, proof-of-ownership)),
          SigningPublicKey(id = 12205ff0bc4d..., format = DER-encoded X.509 SubjectPublicKeyInfo, keySpec = EC-Curve25519, usage = Set(signing, proof-of-ownership))
        )
      ),
      serial = 1,
      operation = Replace,
      hash = SHA-256:02bdad924faf...
    ),
    signatures = Seq(1220505e2921..., 12205ff0bc4d..., 1220769fb9ea...)
  )
),
ValidatedTopologyTransaction(
  SignedTopologyTransaction(
    TopologyTransaction(DecentralizedNamespaceDefinition(12204a455d07..., PositiveNumeric(1), Set(1220b8e961b6..., 1220769fb9ea...)), serial = 1, operation = Replace, hash = SHA-256:4a14605fd842...),
    signatures = Seq(1220769fb9ea..., 1220b8e961b6...)
  )
),
ValidatedTopologyTransaction(
  SignedTopologyTransaction(
    TopologyTransaction(
      SynchronizerParametersState(
        mysynchronizer::12204a455d07...,
        DynamicSynchronizerParameters(
          confirmation response timeout = 30s,
          mediator reaction timeout = 30s,
          assignment exclusivity timeout = 1m,
          ledger time record time tolerance = 1m,
          mediator deduplication timeout = 48h,
          reconciliation interval = 1m,
          confirmation requests max rate = 1000000,
          max request size = 10485760,
          sequencer aggregate submission timeout = 6m,
          ACS commitment catchup = AcsCommitmentsCatchUpParameters(catchUpIntervalSkip = 5, nrIntervalsToTriggerCatchUp = 2),
          participant synchronizer limits = ParticipantSynchronizerLimits(confirmation requests max rate = 1000000),
          preparation time record time tolerance = 24h,
          onboarding restriction = UnrestrictedOpen
        )
      ),
      serial = 1,
      operation = Replace,
      hash = SHA-256:e5498fa90a1c...
    ),
    signatures = Seq(1220769fb9ea..., 1220b8e961b6...)
  )
),
ValidatedTopologyTransaction(
  SignedTopologyTransaction(
    TopologyTransaction(
      MediatorSynchronizerState(mysynchronizer::12204a455d07..., NonNegativeNumeric(0), PositiveNumeric(1), Vector(MED::mediator1::1220769fb9ea...), Vector()),
      serial = 1,
      operation = Replace,
      hash = SHA-256:6bfe1e56afd9...
    ),
    signatures = Seq(1220769fb9ea..., 1220b8e961b6...)
  )
),
ValidatedTopologyTransaction(
  SignedTopologyTransaction(
    TopologyTransaction(
      SequencerSynchronizerState(mysynchronizer::12204a455d07..., PositiveNumeric(1), Vector(SEQ::sequencer1::1220b8e961b6...), Vector()),
      serial = 1,
      operation = Replace,
      hash = SHA-256:3cb5768e384e...
    ),
    signatures = Seq(1220769fb9ea..., 1220b8e961b6...)
  )
)
2026-08-26 11:47:54,068 [canton-env-ec-35] INFO  c.d.c.t.p.InitialTopologySnapshotValidator:sequencer=sequencer1 tid:871ce4808086d5020eb72fccd8d49618 - Import validated and completed, verifying now that the result matches the imported snapshot.
2026-08-26 11:47:54,077 [canton-env-ec-37] INFO  c.d.c.t.p.InitialTopologySnapshotValidator:sequencer=sequencer1 tid:871ce4808086d5020eb72fccd8d49618 - Successfully validated and imported 8 topology transactions into the topology store mysynchronizer::12204a455d07...::34-0.
2026-08-26 11:47:54,079 [canton-env-ec-37] INFO  c.d.c.s.s.SequencerNodeBootstrap$WaitForSequencerToSynchronizerInit:sequencer=sequencer1 - Finalizing initialization for synchronizer mysynchronizer::12204a455d07...::34-0
2026-08-26 11:47:54,138 [canton-env-ec-37] INFO  c.d.c.s.s.b.DriverBlockSequencerFactory:sequencer=sequencer1 tid:871ce4808086d5020eb72fccd8d49618 - Creating reference sequencer at block height None
2026-08-26 11:47:54,230 [canton-env-ec-36] INFO  c.d.c.s.s.b.BlockSequencer:sequencer=sequencer1/psid=mysynchronizer::12204a455d07::34-0 - Subscribing to block source from 0
2026-08-26 11:47:54,284 [canton-env-ec-36] INFO  c.d.c.s.c.SequencerClientImplPekko:sequencer=sequencer1 - [SEQ::sequencer1::1220b8e961b6...] Using new connection pool for synchronizer mysynchronizer::12204a455d07...::34-0
2026-08-26 11:47:54,302 [canton-env-ec-36] INFO  c.d.c.s.s.SequencerRuntime:sequencer=sequencer1/psid=mysynchronizer::12204a455d07::34-0 - Sequencer is healthy
2026-08-26 11:47:54,304 [canton-env-ec-36] INFO  c.d.c.s.s.SequencerRuntime:sequencer=sequencer1/psid=mysynchronizer::12204a455d07::34-0 tid:871ce4808086d5020eb72fccd8d49618 - Subscribing to topology transactions for auto-registering members
2026-08-26 11:47:54,305 [canton-env-ec-36] INFO  c.d.c.s.s.SequencerRuntime:sequencer=sequencer1/psid=mysynchronizer::12204a455d07::34-0 tid:871ce4808086d5020eb72fccd8d49618 - Subscribing to topology transactions for logical synchronizer upgrade announcements
2026-08-26 11:47:54,308 [canton-env-ec-36] INFO  c.d.c.s.s.SequencerRuntime:sequencer=sequencer1/psid=mysynchronizer::12204a455d07::34-0 tid:871ce4808086d5020eb72fccd8d49618 - Subscribing to topology transactions for time-advancing broadcast
2026-08-26 11:47:54,342 [canton-env-ec-41] INFO  c.d.c.s.c.SequencerClientImplPekko:sequencer=sequencer1 tid:871ce4808086d5020eb72fccd8d49618 - No event found up to 0001-01-01T00:00:00Z. Resubscribing from the beginning.
2026-08-26 11:47:54,342 [canton-env-ec-41] INFO  c.d.c.s.c.SequencerClientImplPekko:sequencer=sequencer1 tid:871ce4808086d5020eb72fccd8d49618 - Processing events from the SequencedEventStore from 0001-01-01T00:00:00.000001Z on
2026-08-26 11:47:54,391 [canton-env-ec-72] INFO  c.d.c.s.SequencerAggregatorPekko:sequencer=sequencer1 - 'sequencer-subscription-mysynchronizer::12204a455d07...::34-0' is now in state Ok(). Previous state was Not Initialized.
2026-08-26 11:47:54,391 [canton-env-ec-36] INFO  c.d.c.s.s.SequencerRuntime:sequencer=sequencer1/psid=mysynchronizer::12204a455d07::34-0 tid:871ce4808086d5020eb72fccd8d49618 - Sequencer runtime initialized
2026-08-26 11:47:54,404 [canton-env-ec-37] INFO  c.d.c.s.s.LocalSequencerStateEventSignaller:sequencer=sequencer1/psid=mysynchronizer::12204a455d07::34-0 tid:871ce4808086d5020eb72fccd8d49618 - Creating signal source for SEQ::sequencer1::1220b8e961b6... (id: 0)
2026-08-26 11:47:54,445 [canton-env-ec-36] INFO  c.d.c.h.MutableHealthQuasiComponent:sequencer=sequencer1 - 'sequencer' is now in state SequencerHealthStatus(active = true). Previous state was SequencerHealthStatus(active = false).
2026-08-26 11:47:54,445 [canton-env-ec-36] INFO  c.d.c.s.s.SequencerNodeBootstrap:sequencer=sequencer1 - 'sequencer-health-check-service' is now in state ServingStatus(status = 'SERVING'). Previous state was ServingStatus(status = 'NOT_SERVING').
2026-08-26 11:47:54,446 [canton-env-ec-36] INFO  c.d.c.s.s.SequencerNode:sequencer=sequencer1/psid=mysynchronizer::12204a455d07::34-0 - Creating sequencer server with public api PublicServerConfig(127.0.0.1,Some(6867),None,Some(BasicKeepAliveServerConfig(40s,20s,20s,false)),1m,1h,25,false,None,Duration.Inf,JwksCacheConfig(1000,5m,10s,10s),None)
2026-08-26 11:47:54,505 [canton-env-ec-72] INFO  c.d.c.s.m.MediatorNodeBootstrap$WaitForMediatorToSynchronizerInit:mediator=mediator1 tid:bf2780fe082c67adfb80e0fb890493cd - Assigning mediator to mysynchronizer::12204a455d07...::34-0 via sequencers SequencerConnections(
  connections = Sequencer 'sequencer1' -> GrpcSequencerConnection(sequencerAlias = Sequencer 'sequencer1', endpoints = http://127.0.0.1:6867),
  sequencer trust threshold = 1,
  sequencer liveness margin = 0,
  submission request amplification = SubmissionRequestAmplification(factor = 1, patience = 0s),
  sequencer connection pool delays = SequencerConnectionPoolDelays(minRestartDelay = 0.01s, maxRestartDelay = 10s, warnValidationDelay = 20s, subscriptionRequestDelay = 1s)
)
2026-08-26 11:47:54,530 [canton-env-ec-37] INFO  c.d.c.n.g.ApiRequestLogger:sequencer=sequencer1 tid:2a16723fdc3c70f203e54b8110f40b7c - Request grpc.health.v1.Health/Watch by /127.0.0.1:61931: cancelled
2026-08-26 11:47:54,537 [canton-env-ec-39] INFO  c.d.c.n.g.ApiRequestLogger:sequencer=sequencer1 tid:1a1b20a50ac39bc5d2127d9a328569d4 - Request grpc.health.v1.Health/Watch by /127.0.0.1:61932: cancelled
2026-08-26 11:47:54,551 [canton-env-ec-37] INFO  c.d.c.n.g.ApiRequestLogger:sequencer=sequencer1 tid:6bbe75546e4dfd3125ff093d2c698c1a - Request grpc.health.v1.Health/Watch by /127.0.0.1:61933: cancelled
2026-08-26 11:47:54,553 [canton-env-ec-36] INFO  c.d.c.c.s.g.SequencerInfoLoader:mediator=mediator1 tid:bf2780fe082c67adfb80e0fb890493cd - Version handshake with sequencer Sequencer 'sequencer1' and synchronizer using protocol version 34 succeeded.
2026-08-26 11:47:54,574 [canton-env-ec-37] INFO  c.d.c.n.g.ApiRequestLogger:sequencer=sequencer1 tid:83606a57444ab19507e2d6f13f60ed11 - Request grpc.health.v1.Health/Watch by /127.0.0.1:61934: cancelled
2026-08-26 11:47:54,576 [canton-env-ec-39] INFO  c.d.c.c.s.g.SequencerInfoLoader:mediator=mediator1 tid:bf2780fe082c67adfb80e0fb890493cd - Retrieved synchronizer information: bootstrap information is SynchronizerClientBootstrapInfo(mysynchronizer::12204a455d07...::34-0,SEQ::sequencer1::1220b8e961b6...) and synchronizer parameters are StaticSynchronizerParameters(
  required signing specs = RequiredSigningSpecs(algorithms = Set(Ed25519, EC-DSA-SHA256, EC-DSA-SHA384), keys = Set(EC-Curve25519, EC-P256, EC-P384, EC-Secp256k1)),
  required encryption specs = RequiredEncryptionSpecs(algorithms = Set(ECIES_HMAC256_AES128-CBC, RSA-OAEP-SHA256), keys = Set(EC-P256, RSA-2048)),
  required symmetric key schemes = AES128-GCM,
  required hash algorithms = SHA-256,
  required crypto key formats = Set(Raw, DER-encoded X.509 SubjectPublicKeyInfo, DER-encoded PKCS #8 PrivateKeyInfo),
  topology change delay = 0s,
  enable transparency checks = false,
  protocol version = 34,
  serial = 0
)
2026-08-26 11:47:54,601 [canton-env-ec-37] INFO  c.d.c.s.m.EnterpriseMediatorReplicaManager:mediator=mediator1 tid:db7e802d1bcd837259c8b4cbebb25b68 - Transitioning replica state to Active
2026-08-26 11:47:54,646 [canton-env-ec-37] INFO  c.d.c.s.GrpcInternalSequencerConnectionX:mediator=mediator1/psid=mysynchronizer::12204a455d07::34-0/pool=main/connection=sequencer1-0 - Starting internal-sequencer-connection-sequencer1-0
2026-08-26 11:47:54,647 [canton-env-ec-37] INFO  c.d.c.s.GrpcInternalSequencerConnectionX:mediator=mediator1/psid=mysynchronizer::12204a455d07::34-0/pool=main/connection=sequencer1-0 - 'internal-sequencer-connection-sequencer1-0' is now in state Starting. Previous state was Initial.
2026-08-26 11:47:54,649 [canton-env-ec-37] INFO  c.d.c.s.GrpcConnectionX:mediator=mediator1/psid=mysynchronizer::12204a455d07::34-0/pool=main/connection=sequencer1-0 - 'connection-sequencer1-0' is now in state Started. Previous state was Stopped.
2026-08-26 11:47:54,649 [canton-env-ec-37] INFO  c.d.c.s.GrpcInternalSequencerConnectionX:mediator=mediator1/psid=mysynchronizer::12204a455d07::34-0/pool=main/connection=sequencer1-0 - 'internal-sequencer-connection-sequencer1-0' is now in state Started. Previous state was Starting.
2026-08-26 11:47:54,663 [canton-env-ec-72] INFO  c.d.c.s.GrpcInternalSequencerConnectionX:mediator=mediator1/psid=mysynchronizer::12204a455d07::34-0/pool=main/connection=sequencer1-0 - 'internal-sequencer-connection-sequencer1-0' is now in state Validated. Previous state was Started.
2026-08-26 11:47:54,678 [canton-env-ec-72] INFO  c.d.c.s.SequencerConnectionXPoolImpl:mediator=mediator1/psid=mysynchronizer::12204a455d07::34-0/pool=main - 'sequencer-connection-pool' is now in state Ok(). Previous state was Not Initialized.
2026-08-26 11:47:54,696 [canton-env-ec-41] INFO  c.d.c.s.c.RichSequencerClientImpl:mediator=mediator1/psid=mysynchronizer::12204a455d07::34-0 - [MED::mediator1::1220769fb9ea...] Using new connection pool for synchronizer mysynchronizer::12204a455d07...::34-0
2026-08-26 11:47:54,743 [canton-env-ec-42] INFO  c.d.c.s.s.a.MemberAuthenticationServiceImpl:sequencer=sequencer1/psid=mysynchronizer::12204a455d07::34-0 - MED::mediator1::1220769fb9ea... authenticated new token with expiry 2026-08-26T09:47:54.742600Z
2026-08-26 11:47:54,753 [canton-env-ec-37] INFO  c.d.c.t.s.StoreBasedTopologyStateForInitializationService:sequencer=sequencer1/psid=mysynchronizer::12204a455d07::34-0 - Computing initial topology state hash at 0001-01-01T00:00:00.000001Z for MED::mediator1::1220769fb9ea... active at EffectiveTime(0001-01-01T00:00:00.000001Z)
2026-08-26 11:47:54,760 [canton-env-ec-41] INFO  c.d.c.s.c.BftTopologyForInitDownloader$:mediator=mediator1/psid=mysynchronizer::12204a455d07::34-0 - Expecting topology state for init with hash TopologyStateForInitHashResponse(SHA-256:2caf1a6a62ea...)
2026-08-26 11:47:54,765 [canton-env-ec-42] INFO  c.d.c.t.s.StoreBasedTopologyStateForInitializationService:sequencer=sequencer1/psid=mysynchronizer::12204a455d07::34-0 - Fetching initial topology state at 0001-01-01T00:00:00.000001Z for MED::mediator1::1220769fb9ea... active at EffectiveTime(0001-01-01T00:00:00.000001Z)
2026-08-26 11:47:54,774 [canton-env-ec-72] INFO  c.d.c.s.c.BftTopologyForInitDownloader$:mediator=mediator1/psid=mysynchronizer::12204a455d07::34-0 - Successfully downloaded topology state for init with hash matching expected SHA-256:2caf1a6a62ea...
2026-08-26 11:47:54,774 [canton-env-ec-72] INFO  c.d.c.t.p.InitialTopologySnapshotValidator:mediator=mediator1/psid=mysynchronizer::12204a455d07::34-0 - Validating 8/8 transactions to initialize the topology store mysynchronizer::12204a455d07...::34-0 with 1 sequencer times
2026-08-26 11:47:54,786 [canton-env-ec-42] INFO  c.d.c.t.p.TopologyStateProcessorOld:mediator=mediator1/psid=mysynchronizer::12204a455d07::34-0 - Storing topology transaction 1/8 TxHash(SHA-256:5c8d5cd38d93...) with ts=EffectiveTime(0001-01-01T00:00:00.000001Z), signedBy=Set(1220b8e961b6...)
2026-08-26 11:47:54,786 [canton-env-ec-42] INFO  c.d.c.t.p.TopologyStateProcessorOld:mediator=mediator1/psid=mysynchronizer::12204a455d07::34-0 - Storing topology transaction 2/8 TxHash(SHA-256:5da6d75f252b...) with ts=EffectiveTime(0001-01-01T00:00:00.000001Z), signedBy=Set(1220b8e961b6..., 1220865731eb..., 122076aa13d1...)
2026-08-26 11:47:54,786 [canton-env-ec-42] INFO  c.d.c.t.p.TopologyStateProcessorOld:mediator=mediator1/psid=mysynchronizer::12204a455d07::34-0 - Storing topology transaction 3/8 TxHash(SHA-256:656e41b429aa...) with ts=EffectiveTime(0001-01-01T00:00:00.000001Z), signedBy=Set(1220769fb9ea...)
2026-08-26 11:47:54,786 [canton-env-ec-42] INFO  c.d.c.t.p.TopologyStateProcessorOld:mediator=mediator1/psid=mysynchronizer::12204a455d07::34-0 - Storing topology transaction 4/8 TxHash(SHA-256:02bdad924faf...) with ts=EffectiveTime(0001-01-01T00:00:00.000001Z), signedBy=Set(1220769fb9ea..., 1220505e2921..., 12205ff0bc4d...)
2026-08-26 11:47:54,786 [canton-env-ec-42] INFO  c.d.c.t.p.TopologyStateProcessorOld:mediator=mediator1/psid=mysynchronizer::12204a455d07::34-0 - Storing topology transaction 5/8 TxHash(SHA-256:4a14605fd842...) with ts=EffectiveTime(0001-01-01T00:00:00.000001Z), signedBy=Set(1220b8e961b6..., 1220769fb9ea...)
2026-08-26 11:47:54,786 [canton-env-ec-42] INFO  c.d.c.t.p.TopologyStateProcessorOld:mediator=mediator1/psid=mysynchronizer::12204a455d07::34-0 - Storing topology transaction 6/8 TxHash(SHA-256:e5498fa90a1c...) with ts=EffectiveTime(0001-01-01T00:00:00.000001Z), signedBy=Set(1220b8e961b6..., 1220769fb9ea...)
2026-08-26 11:47:54,786 [canton-env-ec-42] INFO  c.d.c.t.p.TopologyStateProcessorOld:mediator=mediator1/psid=mysynchronizer::12204a455d07::34-0 - Storing topology transaction 7/8 TxHash(SHA-256:6bfe1e56afd9...) with ts=EffectiveTime(0001-01-01T00:00:00.000001Z), signedBy=Set(1220b8e961b6..., 1220769fb9ea...)
2026-08-26 11:47:54,786 [canton-env-ec-42] INFO  c.d.c.t.p.TopologyStateProcessorOld:mediator=mediator1/psid=mysynchronizer::12204a455d07::34-0 - Storing topology transaction 8/8 TxHash(SHA-256:3cb5768e384e...) with ts=EffectiveTime(0001-01-01T00:00:00.000001Z), signedBy=Set(1220b8e961b6..., 1220769fb9ea...)
2026-08-26 11:47:54,789 [canton-env-ec-42] INFO  c.d.c.t.p.TopologyStateProcessorOld:mediator=mediator1/psid=mysynchronizer::12204a455d07::34-0 - Persisted topology transactions (SequencedTime(0001-01-01T00:00:00.000001Z), EffectiveTime(0001-01-01T00:00:00.000001Z)):
ValidatedTopologyTransaction(
  SignedTopologyTransaction(
    TopologyTransaction(
      NamespaceDelegation(1220b8e961b6..., SigningPublicKey(id = 1220b8e961b6..., format = DER-encoded X.509 SubjectPublicKeyInfo, keySpec = EC-Curve25519, usage = namespace), CanSignAllMappings),
      serial = 1,
      operation = Replace,
      hash = SHA-256:5c8d5cd38d93...
    ),
    signatures = 1220b8e961b6...
  )
),
ValidatedTopologyTransaction(
  SignedTopologyTransaction(
    TopologyTransaction(
      OwnerToKeyMapping(
        SEQ::sequencer1::1220b8e961b6...,
        Vector(
          SigningPublicKey(id = 1220865731eb..., format = DER-encoded X.509 SubjectPublicKeyInfo, keySpec = EC-Curve25519, usage = Set(sequencer-auth, proof-of-ownership)),
          SigningPublicKey(id = 122076aa13d1..., format = DER-encoded X.509 SubjectPublicKeyInfo, keySpec = EC-Curve25519, usage = Set(signing, proof-of-ownership))
        )
      ),
      serial = 1,
      operation = Replace,
      hash = SHA-256:5da6d75f252b...
    ),
    signatures = Seq(122076aa13d1..., 1220865731eb..., 1220b8e961b6...)
  )
),
ValidatedTopologyTransaction(
  SignedTopologyTransaction(
    TopologyTransaction(
      NamespaceDelegation(1220769fb9ea..., SigningPublicKey(id = 1220769fb9ea..., format = DER-encoded X.509 SubjectPublicKeyInfo, keySpec = EC-Curve25519, usage = namespace), CanSignAllMappings),
      serial = 1,
      operation = Replace,
      hash = SHA-256:656e41b429aa...
    ),
    signatures = 1220769fb9ea...
  )
),
ValidatedTopologyTransaction(
  SignedTopologyTransaction(
    TopologyTransaction(
      OwnerToKeyMapping(
        MED::mediator1::1220769fb9ea...,
        Vector(
          SigningPublicKey(id = 1220505e2921..., format = DER-encoded X.509 SubjectPublicKeyInfo, keySpec = EC-Curve25519, usage = Set(sequencer-auth, proof-of-ownership)),
          SigningPublicKey(id = 12205ff0bc4d..., format = DER-encoded X.509 SubjectPublicKeyInfo, keySpec = EC-Curve25519, usage = Set(signing, proof-of-ownership))
        )
      ),
      serial = 1,
      operation = Replace,
      hash = SHA-256:02bdad924faf...
    ),
    signatures = Seq(1220505e2921..., 12205ff0bc4d..., 1220769fb9ea...)
  )
),
ValidatedTopologyTransaction(
  SignedTopologyTransaction(
    TopologyTransaction(DecentralizedNamespaceDefinition(12204a455d07..., PositiveNumeric(1), Set(1220b8e961b6..., 1220769fb9ea...)), serial = 1, operation = Replace, hash = SHA-256:4a14605fd842...),
    signatures = Seq(1220769fb9ea..., 1220b8e961b6...)
  )
),
ValidatedTopologyTransaction(
  SignedTopologyTransaction(
    TopologyTransaction(
      SynchronizerParametersState(
        mysynchronizer::12204a455d07...,
        DynamicSynchronizerParameters(
          confirmation response timeout = 30s,
          mediator reaction timeout = 30s,
          assignment exclusivity timeout = 1m,
          ledger time record time tolerance = 1m,
          mediator deduplication timeout = 48h,
          reconciliation interval = 1m,
          confirmation requests max rate = 1000000,
          max request size = 10485760,
          sequencer aggregate submission timeout = 6m,
          ACS commitment catchup = AcsCommitmentsCatchUpParameters(catchUpIntervalSkip = 5, nrIntervalsToTriggerCatchUp = 2),
          participant synchronizer limits = ParticipantSynchronizerLimits(confirmation requests max rate = 1000000),
          preparation time record time tolerance = 24h,
          onboarding restriction = UnrestrictedOpen
        )
      ),
      serial = 1,
      operation = Replace,
      hash = SHA-256:e5498fa90a1c...
    ),
    signatures = Seq(1220769fb9ea..., 1220b8e961b6...)
  )
),
ValidatedTopologyTransaction(
  SignedTopologyTransaction(
    TopologyTransaction(
      MediatorSynchronizerState(mysynchronizer::12204a455d07..., NonNegativeNumeric(0), PositiveNumeric(1), Vector(MED::mediator1::1220769fb9ea...), Vector()),
      serial = 1,
      operation = Replace,
      hash = SHA-256:6bfe1e56afd9...
    ),
    signatures = Seq(1220769fb9ea..., 1220b8e961b6...)
  )
),
ValidatedTopologyTransaction(
  SignedTopologyTransaction(
    TopologyTransaction(
      SequencerSynchronizerState(mysynchronizer::12204a455d07..., PositiveNumeric(1), Vector(SEQ::sequencer1::1220b8e961b6...), Vector()),
      serial = 1,
      operation = Replace,
      hash = SHA-256:3cb5768e384e...
    ),
    signatures = Seq(1220769fb9ea..., 1220b8e961b6...)
  )
)
2026-08-26 11:47:54,789 [canton-env-ec-37] INFO  c.d.c.t.p.InitialTopologySnapshotValidator:mediator=mediator1/psid=mysynchronizer::12204a455d07::34-0 - Import validated and completed, verifying now that the result matches the imported snapshot.
2026-08-26 11:47:54,791 [canton-env-ec-37] INFO  c.d.c.t.p.InitialTopologySnapshotValidator:mediator=mediator1/psid=mysynchronizer::12204a455d07::34-0 - Successfully validated and imported 8 topology transactions into the topology store mysynchronizer::12204a455d07...::34-0.
2026-08-26 11:47:54,830 [canton-env-ec-72] INFO  c.d.c.s.c.RichSequencerClientImpl:mediator=mediator1/psid=mysynchronizer::12204a455d07::34-0 - No event found up to 0001-01-01T00:00:00Z. Resubscribing from the beginning.
2026-08-26 11:47:54,830 [canton-env-ec-72] INFO  c.d.c.s.c.RichSequencerClientImpl:mediator=mediator1/psid=mysynchronizer::12204a455d07::34-0 - Processing events from the SequencedEventStore from 0001-01-01T00:00:00.000001Z on
2026-08-26 11:47:54,844 [canton-env-ec-37] INFO  c.d.c.s.SequencerSubscriptionX:mediator=mediator1/psid=mysynchronizer::12204a455d07::34-0/connection=sequencer-connection-sequencer1-0 - Starting subscription at the beginning
2026-08-26 11:47:54,851 [canton-env-ec-37] INFO  c.d.c.s.SequencerSubscriptionX:mediator=mediator1/psid=mysynchronizer::12204a455d07::34-0/connection=sequencer-connection-sequencer1-0 - 'subscription-sequencer-connection-sequencer1-0' is now in state Ok(). Previous state was Failed().
2026-08-26 11:47:54,852 [canton-env-ec-37] INFO  c.d.c.s.SequencerSubscriptionPoolImpl:mediator=mediator1/psid=mysynchronizer::12204a455d07::34-0 - 'sequencer-subscription-pool' is now in state Ok(). Previous state was Not Initialized.
2026-08-26 11:47:54,853 [canton-env-ec-37] INFO  c.d.c.h.DelegatingMutableHealthComponent:mediator=mediator1/psid=mysynchronizer::12204a455d07::34-0 - 'sequencer-client' is now in state Ok(). Previous state was Not Initialized.
2026-08-26 11:47:54,853 [canton-env-ec-37] INFO  c.d.c.h.MutableHealthComponent:mediator=mediator1 - 'sequencer-client' is now in state Ok(). Previous state was Not Initialized.
2026-08-26 11:47:54,856 [canton-env-ec-35] INFO  c.d.c.s.s.s.GrpcSequencerService:sequencer=sequencer1 - MED::mediator1::1220769fb9ea... subscribes from timestamp=None
2026-08-26 11:47:54,857 [canton-env-ec-39] INFO  c.d.c.s.m.EnterpriseMediatorReplicaManager:mediator=mediator1 tid:db7e802d1bcd837259c8b4cbebb25b68 - Setting replica manager state to Active
2026-08-26 11:47:54,857 [canton-env-ec-39] INFO  c.d.c.s.m.EnterpriseMediatorReplicaManager:mediator=mediator1 tid:db7e802d1bcd837259c8b4cbebb25b68 - Successfully performed replica state change to Active
2026-08-26 11:47:54,859 [canton-env-ec-36] INFO  c.d.c.s.s.LocalSequencerStateEventSignaller:sequencer=sequencer1/psid=mysynchronizer::12204a455d07::34-0 - Creating signal source for MED::mediator1::1220769fb9ea... (id: 2)
2026-08-26 11:47:54,863 [canton-env-ec-35] INFO  c.d.c.t.TemporaryStoreRegistry:sequencer=sequencer1 tid:95470aabc28181498e5607c38307f863 - Dropping temporary topology store mysynchronizer-setup
2026-08-26 11:47:54,863 [canton-env-ec-34] INFO  c.d.c.s.s.s.SubscriptionPool:sequencer=sequencer1 - Adding subscription for MED::mediator1::1220769fb9ea... to pool with 1 active
2026-08-26 11:47:54,866 [canton-env-ec-41] INFO  c.d.c.t.TemporaryStoreRegistry:mediator=mediator1 tid:a28b2b0638d1fc97db8368a02c758730 - Dropping temporary topology store mysynchronizer-setup
2026-08-26 11:47:54,903 [canton-env-ec-34] INFO  c.d.c.p.a.g.GrpcSynchronizerConnectivityService:participant=sandbox tid:e96c60e7a4e43605d73d887f1ebfe882 - Registering new synchronizer SynchronizerConnectionConfig(
  synchronizer = Synchronizer 'mysynchronizer',
  sequencerConnections = SequencerConnections(
    connections = Sequencer 'sequencer1' -> GrpcSequencerConnection(sequencerAlias = Sequencer 'sequencer1', endpoints = http://127.0.0.1:6867),
    sequencer trust threshold = 1,
    sequencer liveness margin = 0,
    submission request amplification = SubmissionRequestAmplification(factor = 1, patience = 0s),
    sequencer connection pool delays = SequencerConnectionPoolDelays(minRestartDelay = 0.01s, maxRestartDelay = 10s, warnValidationDelay = 20s, subscriptionRequestDelay = 1s)
  ),
  manualConnect = false
)
2026-08-26 11:47:54,909 [canton-env-ec-41] INFO  c.d.c.n.g.ApiRequestLogger:sequencer=sequencer1 tid:957c1f6d2465c2fa22665a88eef8f681 - Request grpc.health.v1.Health/Watch by /127.0.0.1:61938: cancelled
2026-08-26 11:47:54,913 [canton-env-ec-36] INFO  c.d.c.n.g.ApiRequestLogger:sequencer=sequencer1 tid:1c12674592997d4c622aa99c4d2e5305 - Request grpc.health.v1.Health/Watch by /127.0.0.1:61939: cancelled
2026-08-26 11:47:54,918 [canton-env-ec-34] INFO  c.d.c.n.g.ApiRequestLogger:sequencer=sequencer1 tid:ed7cf3f577df0b07465738202511e65e - Request grpc.health.v1.Health/Watch by /127.0.0.1:61940: cancelled
2026-08-26 11:47:54,919 [canton-env-ec-35] INFO  c.d.c.c.s.g.SequencerInfoLoader:participant=sandbox tid:e96c60e7a4e43605d73d887f1ebfe882 - Version handshake with sequencer Sequencer 'sequencer1' and synchronizer using protocol version 34 succeeded.
2026-08-26 11:47:54,923 [canton-env-ec-36] INFO  c.d.c.n.g.ApiRequestLogger:sequencer=sequencer1 tid:146ad481f130c60d2929605447fadc1f - Request grpc.health.v1.Health/Watch by /127.0.0.1:61941: cancelled
2026-08-26 11:47:54,924 [canton-env-ec-35] INFO  c.d.c.c.s.g.SequencerInfoLoader:participant=sandbox tid:e96c60e7a4e43605d73d887f1ebfe882 - Retrieved synchronizer information: bootstrap information is SynchronizerClientBootstrapInfo(mysynchronizer::12204a455d07...::34-0,SEQ::sequencer1::1220b8e961b6...) and synchronizer parameters are StaticSynchronizerParameters(
  required signing specs = RequiredSigningSpecs(algorithms = Set(Ed25519, EC-DSA-SHA256, EC-DSA-SHA384), keys = Set(EC-Curve25519, EC-P256, EC-P384, EC-Secp256k1)),
  required encryption specs = RequiredEncryptionSpecs(algorithms = Set(ECIES_HMAC256_AES128-CBC, RSA-OAEP-SHA256), keys = Set(EC-P256, RSA-2048)),
  required symmetric key schemes = AES128-GCM,
  required hash algorithms = SHA-256,
  required crypto key formats = Set(Raw, DER-encoded X.509 SubjectPublicKeyInfo, DER-encoded PKCS #8 PrivateKeyInfo),
  topology change delay = 0s,
  enable transparency checks = false,
  protocol version = 34,
  serial = 0
)
2026-08-26 11:47:54,942 [canton-env-ec-41] INFO  c.d.c.p.a.g.GrpcSynchronizerConnectivityService:participant=sandbox tid:e96c60e7a4e43605d73d887f1ebfe882 - Connecting to synchronizer SynchronizerConnectionConfig(
  synchronizer = Synchronizer 'mysynchronizer',
  sequencerConnections = SequencerConnections(
    connections = Sequencer 'sequencer1' -> GrpcSequencerConnection(sequencerAlias = Sequencer 'sequencer1', endpoints = http://127.0.0.1:6867),
    sequencer trust threshold = 1,
    sequencer liveness margin = 0,
    submission request amplification = SubmissionRequestAmplification(factor = 1, patience = 0s),
    sequencer connection pool delays = SequencerConnectionPoolDelays(minRestartDelay = 0.01s, maxRestartDelay = 10s, warnValidationDelay = 20s, subscriptionRequestDelay = 1s)
  ),
  manualConnect = false
)
2026-08-26 11:47:54,950 [canton-env-ec-35] INFO  c.d.c.s.GrpcInternalSequencerConnectionX:participant=sandbox/synchronizerAlias=Synchronizer 'mysynchronizer'/pool=main/connection=sequencer1-0 tid:e96c60e7a4e43605d73d887f1ebfe882 - Starting internal-sequencer-connection-sequencer1-0
2026-08-26 11:47:54,950 [canton-env-ec-35] INFO  c.d.c.s.GrpcInternalSequencerConnectionX:participant=sandbox/synchronizerAlias=Synchronizer 'mysynchronizer'/pool=main/connection=sequencer1-0 tid:e96c60e7a4e43605d73d887f1ebfe882 - 'internal-sequencer-connection-sequencer1-0' is now in state Starting. Previous state was Initial.
2026-08-26 11:47:54,951 [canton-env-ec-35] INFO  c.d.c.s.GrpcConnectionX:participant=sandbox/synchronizerAlias=Synchronizer 'mysynchronizer'/pool=main/connection=sequencer1-0 tid:e96c60e7a4e43605d73d887f1ebfe882 - 'connection-sequencer1-0' is now in state Started. Previous state was Stopped.
2026-08-26 11:47:54,951 [canton-env-ec-35] INFO  c.d.c.s.GrpcInternalSequencerConnectionX:participant=sandbox/synchronizerAlias=Synchronizer 'mysynchronizer'/pool=main/connection=sequencer1-0 tid:e96c60e7a4e43605d73d887f1ebfe882 - 'internal-sequencer-connection-sequencer1-0' is now in state Started. Previous state was Starting.
2026-08-26 11:47:54,960 [canton-env-ec-34] INFO  c.d.c.s.GrpcInternalSequencerConnectionX:participant=sandbox/synchronizerAlias=Synchronizer 'mysynchronizer'/pool=main/connection=sequencer1-0 tid:e96c60e7a4e43605d73d887f1ebfe882 - 'internal-sequencer-connection-sequencer1-0' is now in state Validated. Previous state was Started.
2026-08-26 11:47:54,960 [canton-env-ec-34] INFO  c.d.c.s.SequencerConnectionXPoolImpl:participant=sandbox/synchronizerAlias=Synchronizer 'mysynchronizer'/pool=main tid:e96c60e7a4e43605d73d887f1ebfe882 - 'sequencer-connection-pool' is now in state Ok(). Previous state was Not Initialized.
2026-08-26 11:47:55,001 [canton-env-ec-72] INFO  c.d.c.t.p.TopologyStateProcessorOld:participant=sandbox/store=Authorized tid:e96c60e7a4e43605d73d887f1ebfe882 - Storing topology transaction 1/1 TxHash(SHA-256:82a22573ee2b...) with ts=EffectiveTime(2026-08-26T08:47:55.000558Z), signedBy=Set(1220f5bf536d...)
2026-08-26 11:47:55,002 [canton-env-ec-34] INFO  c.d.c.t.p.TopologyStateProcessorOld:participant=sandbox/store=Authorized tid:e96c60e7a4e43605d73d887f1ebfe882 - Persisted topology transactions (SequencedTime(2026-08-26T08:47:55.000558Z), EffectiveTime(2026-08-26T08:47:55.000558Z)):
ValidatedTopologyTransaction(
  SignedTopologyTransaction(
    TopologyTransaction(SynchronizerTrustCertificate(PAR::sandbox::1220f5bf536d..., mysynchronizer::12204a455d07..., Nil), serial = 1, operation = Replace, hash = SHA-256:82a22573ee2b...),
    signatures = 1220f5bf536d...
  )
)
2026-08-26 11:47:55,025 [canton-env-ec-34] INFO  c.d.c.n.g.ApiRequestLogger:sequencer=sequencer1 tid:172fbac1860475e750dc36ff826399cc - Request grpc.health.v1.Health/Watch by /127.0.0.1:61943: cancelled
2026-08-26 11:47:55,055 [canton-env-ec-41] INFO  c.d.c.t.p.TopologyStateProcessorOld:sequencer=sequencer1 tid:e96c60e7a4e43605d73d887f1ebfe882 - Enqueuing topology transaction 1/3 TxHash(SHA-256:5d07dfdda19e...) with ts=EffectiveTime(0001-01-01T00:00:00.000002Z), signedBy=Set(1220f5bf536d...)
2026-08-26 11:47:55,055 [canton-env-ec-41] INFO  c.d.c.t.p.TopologyStateProcessorOld:sequencer=sequencer1 tid:e96c60e7a4e43605d73d887f1ebfe882 - Enqueuing topology transaction 2/3 TxHash(SHA-256:39488575599d...) with ts=EffectiveTime(0001-01-01T00:00:00.000002Z), signedBy=Set(1220f5bf536d..., 122088e06438..., 12209aed31e2...)
2026-08-26 11:47:55,055 [canton-env-ec-41] INFO  c.d.c.t.p.TopologyStateProcessorOld:sequencer=sequencer1 tid:e96c60e7a4e43605d73d887f1ebfe882 - Enqueuing topology transaction 3/3 TxHash(SHA-256:82a22573ee2b...) with ts=EffectiveTime(0001-01-01T00:00:00.000002Z), signedBy=Set(1220f5bf536d...)
2026-08-26 11:47:55,057 [canton-env-ec-41] INFO  c.d.c.t.p.TopologyStateProcessorOld:sequencer=sequencer1 tid:e96c60e7a4e43605d73d887f1ebfe882 - Enqueued topology transactions:
ValidatedTopologyTransaction(
  SignedTopologyTransaction(
    TopologyTransaction(
      NamespaceDelegation(1220f5bf536d..., SigningPublicKey(id = 1220f5bf536d..., format = DER-encoded X.509 SubjectPublicKeyInfo, keySpec = EC-Curve25519, usage = namespace), CanSignAllMappings),
      serial = 1,
      operation = Replace,
      hash = SHA-256:5d07dfdda19e...
    ),
    signatures = 1220f5bf536d...
  )
),
ValidatedTopologyTransaction(
  SignedTopologyTransaction(
    TopologyTransaction(
      OwnerToKeyMapping(
        PAR::sandbox::1220f5bf536d...,
        Vector(
          SigningPublicKey(id = 122088e06438..., format = DER-encoded X.509 SubjectPublicKeyInfo, keySpec = EC-Curve25519, usage = Set(sequencer-auth, proof-of-ownership)),
          SigningPublicKey(id = 12209aed31e2..., format = DER-encoded X.509 SubjectPublicKeyInfo, keySpec = EC-Curve25519, usage = Set(signing, proof-of-ownership)),
          EncryptionPublicKey(id = 12200dde1078..., format = DER-encoded X.509 SubjectPublicKeyInfo, keySpec = EC-P256)
        )
      ),
      serial = 1,
      operation = Replace,
      hash = SHA-256:39488575599d...
    ),
    signatures = Seq(122088e06438..., 12209aed31e2..., 1220f5bf536d...)
  )
),
ValidatedTopologyTransaction(
  SignedTopologyTransaction(
    TopologyTransaction(SynchronizerTrustCertificate(PAR::sandbox::1220f5bf536d..., mysynchronizer::12204a455d07..., Vector()), serial = 1, operation = Replace, hash = SHA-256:82a22573ee2b...),
    signatures = 1220f5bf536d...
  )
)
2026-08-26 11:47:55,063 [canton-env-ec-36] INFO  c.d.c.n.g.ApiRequestLogger:sequencer=sequencer1 tid:f27b3995861d9a5fa051d7e2a4953a81 - Request grpc.health.v1.Health/Watch by /127.0.0.1:61944: cancelled
2026-08-26 11:47:55,071 [canton-env-ec-34] INFO  c.d.c.n.g.ApiRequestLogger:sequencer=sequencer1 tid:0c03f92cb61d85e906aee017cbddfcde - Request grpc.health.v1.Health/Watch by /127.0.0.1:61945: cancelled
2026-08-26 11:47:55,073 [canton-env-ec-37] INFO  c.d.c.c.s.g.GrpcSequencerConnectClient:participant=sandbox/synchronizerAlias=Synchronizer 'mysynchronizer'/sequencerAlias=sequencer1/sequencerConnection=127_0_0_1:6867 tid:e96c60e7a4e43605d73d887f1ebfe882 - The operation 'verify active' was not successful. New kind of error: no success error (request infinite retries). Retrying after 0.5s. Result: Outcome(Right(false)). 
2026-08-26 11:47:55,251 [canton-env-ec-37] INFO  c.d.c.s.b.u.BlockChunkProcessor:sequencer=sequencer1/psid=mysynchronizer::12204a455d07::34-0 tid:1109e5fb5d1de8c71c13bd9985fc2661 - Processing block 0, data chunk 0. Last chunk timestamp=1970-01-01T00:00:00Z, last sequencer event timestamp=None. 1 events:
  Send of 'fe528a22-e851-469b-99ef-5886191fe512' at 2026-08-26T08:47:55.131030Z (tc=1109e5fb5d1de8c71c13bd9985fc2661)
2026-08-26 11:47:55,256 [canton-env-ec-37] INFO  c.d.c.s.b.u.BlockChunkProcessor:sequencer=sequencer1/psid=mysynchronizer::12204a455d07::34-0 tid:1109e5fb5d1de8c71c13bd9985fc2661 - Using approximate topology snapshot at 0001-01-01T00:00:00.000002Z for desired timestamp 1970-01-01T00:00:00Z
2026-08-26 11:47:55,256 [canton-env-ec-39] INFO  c.d.c.s.b.u.BlockChunkProcessor:sequencer=sequencer1/psid=mysynchronizer::12204a455d07::34-0 tid:1109e5fb5d1de8c71c13bd9985fc2661 - Using approximate topology snapshot at 0001-01-01T00:00:00.000002Z for desired timestamp 2026-08-26T08:47:55.131030Z
2026-08-26 11:47:55,278 [canton-env-ec-42] INFO  c.d.c.s.s.t.EnterpriseSequencerRateLimitManager:sequencer=sequencer1 tid:1109e5fb5d1de8c71c13bd9985fc2661 - Using approximate topology snapshot at 0001-01-01T00:00:00.000002Z for desired timestamp 2026-08-26T08:47:55.131030Z
2026-08-26 11:47:55,340 [canton-env-ec-42] INFO  c.d.c.s.c.SequencedEventValidatorImpl:mediator=mediator1/psid=mysynchronizer::12204a455d07::34-0/connection=sequencer-connection-sequencer1-0 tid:1109e5fb5d1de8c71c13bd9985fc2661 - Skipping signature verification of the first sequenced event due to a fresh subscription from SEQ::sequencer1::1220b8e961b6...
2026-08-26 11:47:55,341 [canton-env-ec-42] INFO  c.d.c.s.SubscriptionHandlerX:mediator=mediator1/psid=mysynchronizer::12204a455d07::34-0/connection=sequencer-connection-sequencer1-0 tid:1109e5fb5d1de8c71c13bd9985fc2661 - Caught up with sequencer on batch with timestamp = 2026-08-26T08:47:55.131030Z; delta = PT0.210216S (threshold = PT2562047788015215H30M7.999999999S)
2026-08-26 11:47:55,347 [canton-env-ec-34] INFO  c.d.c.s.m.Mediator:mediator=mediator1/psid=mysynchronizer::12204a455d07::34-0 tid:1109e5fb5d1de8c71c13bd9985fc2661 - Caught up with sequencer on batch with timestamp = 2026-08-26T08:47:55.131030Z; delta = PT0.216107S (threshold = PT20S)
2026-08-26 11:47:55,358 [canton-env-ec-36] INFO  c.d.c.t.p.TopologyStateProcessorOld:sequencer=sequencer1/psid=mysynchronizer::12204a455d07::34-0 tid:1109e5fb5d1de8c71c13bd9985fc2661 - Storing topology transaction 1/3 TxHash(SHA-256:5d07dfdda19e...) with ts=EffectiveTime(2026-08-26T08:47:55.131030Z), signedBy=Set(1220f5bf536d...)
2026-08-26 11:47:55,358 [canton-env-ec-42] INFO  c.d.c.t.p.TopologyStateProcessorOld:mediator=mediator1/psid=mysynchronizer::12204a455d07::34-0 tid:1109e5fb5d1de8c71c13bd9985fc2661 - Storing topology transaction 1/3 TxHash(SHA-256:5d07dfdda19e...) with ts=EffectiveTime(2026-08-26T08:47:55.131030Z), signedBy=Set(1220f5bf536d...)
2026-08-26 11:47:55,358 [canton-env-ec-36] INFO  c.d.c.t.p.TopologyStateProcessorOld:sequencer=sequencer1/psid=mysynchronizer::12204a455d07::34-0 tid:1109e5fb5d1de8c71c13bd9985fc2661 - Storing topology transaction 2/3 TxHash(SHA-256:39488575599d...) with ts=EffectiveTime(2026-08-26T08:47:55.131030Z), signedBy=Set(1220f5bf536d..., 122088e06438..., 12209aed31e2...)
2026-08-26 11:47:55,358 [canton-env-ec-42] INFO  c.d.c.t.p.TopologyStateProcessorOld:mediator=mediator1/psid=mysynchronizer::12204a455d07::34-0 tid:1109e5fb5d1de8c71c13bd9985fc2661 - Storing topology transaction 2/3 TxHash(SHA-256:39488575599d...) with ts=EffectiveTime(2026-08-26T08:47:55.131030Z), signedBy=Set(1220f5bf536d..., 122088e06438..., 12209aed31e2...)
2026-08-26 11:47:55,358 [canton-env-ec-42] INFO  c.d.c.t.p.TopologyStateProcessorOld:mediator=mediator1/psid=mysynchronizer::12204a455d07::34-0 tid:1109e5fb5d1de8c71c13bd9985fc2661 - Storing topology transaction 3/3 TxHash(SHA-256:82a22573ee2b...) with ts=EffectiveTime(2026-08-26T08:47:55.131030Z), signedBy=Set(1220f5bf536d...)
2026-08-26 11:47:55,358 [canton-env-ec-36] INFO  c.d.c.t.p.TopologyStateProcessorOld:sequencer=sequencer1/psid=mysynchronizer::12204a455d07::34-0 tid:1109e5fb5d1de8c71c13bd9985fc2661 - Storing topology transaction 3/3 TxHash(SHA-256:82a22573ee2b...) with ts=EffectiveTime(2026-08-26T08:47:55.131030Z), signedBy=Set(1220f5bf536d...)
2026-08-26 11:47:55,360 [canton-env-ec-42] INFO  c.d.c.t.p.TopologyStateProcessorOld:mediator=mediator1/psid=mysynchronizer::12204a455d07::34-0 tid:1109e5fb5d1de8c71c13bd9985fc2661 - Persisted topology transactions (SequencedTime(2026-08-26T08:47:55.131030Z), EffectiveTime(2026-08-26T08:47:55.131030Z)):
ValidatedTopologyTransaction(
  SignedTopologyTransaction(
    TopologyTransaction(
      NamespaceDelegation(1220f5bf536d..., SigningPublicKey(id = 1220f5bf536d..., format = DER-encoded X.509 SubjectPublicKeyInfo, keySpec = EC-Curve25519, usage = namespace), CanSignAllMappings),
      serial = 1,
      operation = Replace,
      hash = SHA-256:5d07dfdda19e...
    ),
    signatures = 1220f5bf536d...
  )
),
ValidatedTopologyTransaction(
  SignedTopologyTransaction(
    TopologyTransaction(
      OwnerToKeyMapping(
        PAR::sandbox::1220f5bf536d...,
        Vector(
          SigningPublicKey(id = 122088e06438..., format = DER-encoded X.509 SubjectPublicKeyInfo, keySpec = EC-Curve25519, usage = Set(sequencer-auth, proof-of-ownership)),
          SigningPublicKey(id = 12209aed31e2..., format = DER-encoded X.509 SubjectPublicKeyInfo, keySpec = EC-Curve25519, usage = Set(signing, proof-of-ownership)),
          EncryptionPublicKey(id = 12200dde1078..., format = DER-encoded X.509 SubjectPublicKeyInfo, keySpec = EC-P256)
        )
      ),
      serial = 1,
      operation = Replace,
      hash = SHA-256:39488575599d...
    ),
    signatures = Seq(122088e06438..., 12209aed31e2..., 1220f5bf536d...)
  )
),
ValidatedTopologyTransaction(
  SignedTopologyTransaction(
    TopologyTransaction(SynchronizerTrustCertificate(PAR::sandbox::1220f5bf536d..., mysynchronizer::12204a455d07..., Vector()), serial = 1, operation = Replace, hash = SHA-256:82a22573ee2b...),
    signatures = 1220f5bf536d...
  )
)
2026-08-26 11:47:55,360 [canton-env-ec-36] INFO  c.d.c.t.p.TopologyStateProcessorOld:sequencer=sequencer1/psid=mysynchronizer::12204a455d07::34-0 tid:1109e5fb5d1de8c71c13bd9985fc2661 - Persisted topology transactions (SequencedTime(2026-08-26T08:47:55.131030Z), EffectiveTime(2026-08-26T08:47:55.131030Z)):
ValidatedTopologyTransaction(
  SignedTopologyTransaction(
    TopologyTransaction(
      NamespaceDelegation(1220f5bf536d..., SigningPublicKey(id = 1220f5bf536d..., format = DER-encoded X.509 SubjectPublicKeyInfo, keySpec = EC-Curve25519, usage = namespace), CanSignAllMappings),
      serial = 1,
      operation = Replace,
      hash = SHA-256:5d07dfdda19e...
    ),
    signatures = 1220f5bf536d...
  )
),
ValidatedTopologyTransaction(
  SignedTopologyTransaction(
    TopologyTransaction(
      OwnerToKeyMapping(
        PAR::sandbox::1220f5bf536d...,
        Vector(
          SigningPublicKey(id = 122088e06438..., format = DER-encoded X.509 SubjectPublicKeyInfo, keySpec = EC-Curve25519, usage = Set(sequencer-auth, proof-of-ownership)),
          SigningPublicKey(id = 12209aed31e2..., format = DER-encoded X.509 SubjectPublicKeyInfo, keySpec = EC-Curve25519, usage = Set(signing, proof-of-ownership)),
          EncryptionPublicKey(id = 12200dde1078..., format = DER-encoded X.509 SubjectPublicKeyInfo, keySpec = EC-P256)
        )
      ),
      serial = 1,
      operation = Replace,
      hash = SHA-256:39488575599d...
    ),
    signatures = Seq(122088e06438..., 12209aed31e2..., 1220f5bf536d...)
  )
),
ValidatedTopologyTransaction(
  SignedTopologyTransaction(
    TopologyTransaction(SynchronizerTrustCertificate(PAR::sandbox::1220f5bf536d..., mysynchronizer::12204a455d07..., Vector()), serial = 1, operation = Replace, hash = SHA-256:82a22573ee2b...),
    signatures = 1220f5bf536d...
  )
)
2026-08-26 11:47:55,362 [canton-env-ec-35] INFO  c.d.c.s.s.SequencerRuntime:sequencer=sequencer1/psid=mysynchronizer::12204a455d07::34-0 tid:1109e5fb5d1de8c71c13bd9985fc2661 - Topology change has triggered sequencer registration of member PAR::sandbox::1220f5bf536d...
2026-08-26 11:47:55,579 [canton-env-ec-37] INFO  c.d.c.c.s.g.GrpcSequencerConnectClient:participant=sandbox/synchronizerAlias=Synchronizer 'mysynchronizer'/sequencerAlias=sequencer1/sequencerConnection=127_0_0_1:6867 tid:e96c60e7a4e43605d73d887f1ebfe882 - Now retrying operation 'verify active'. 
2026-08-26 11:47:55,589 [canton-env-ec-37] INFO  c.d.c.n.g.ApiRequestLogger:sequencer=sequencer1 tid:7047837635c406da082a51a1bdef52ae - Request grpc.health.v1.Health/Watch by /127.0.0.1:61946: cancelled
2026-08-26 11:47:55,591 [canton-env-ec-35] INFO  c.d.c.s.c.RichSequencerClientImpl:participant=sandbox/psid=mysynchronizer::12204a455d07::34-0 - [PAR::sandbox::1220f5bf536d...] Using new connection pool for synchronizer mysynchronizer::12204a455d07...::34-0
2026-08-26 11:47:55,600 [canton-env-ec-36] INFO  c.d.c.s.s.a.MemberAuthenticationServiceImpl:sequencer=sequencer1/psid=mysynchronizer::12204a455d07::34-0 tid:e96c60e7a4e43605d73d887f1ebfe882 - PAR::sandbox::1220f5bf536d... authenticated new token with expiry 2026-08-26T09:47:55.600221Z
2026-08-26 11:47:55,602 [canton-env-ec-36] INFO  c.d.c.t.s.StoreBasedTopologyStateForInitializationService:sequencer=sequencer1/psid=mysynchronizer::12204a455d07::34-0 tid:e96c60e7a4e43605d73d887f1ebfe882 - Computing initial topology state hash at 2026-08-26T08:47:55.131030Z for PAR::sandbox::1220f5bf536d... active at EffectiveTime(2026-08-26T08:47:55.131030Z)
2026-08-26 11:47:55,604 [canton-env-ec-36] INFO  c.d.c.s.c.BftTopologyForInitDownloader$:participant=sandbox/psid=mysynchronizer::12204a455d07::34-0 tid:e96c60e7a4e43605d73d887f1ebfe882 - Expecting topology state for init with hash TopologyStateForInitHashResponse(SHA-256:618a54d073c9...)
2026-08-26 11:47:55,606 [canton-env-ec-36] INFO  c.d.c.t.s.StoreBasedTopologyStateForInitializationService:sequencer=sequencer1/psid=mysynchronizer::12204a455d07::34-0 - Fetching initial topology state at 2026-08-26T08:47:55.131030Z for PAR::sandbox::1220f5bf536d... active at EffectiveTime(2026-08-26T08:47:55.131030Z)
2026-08-26 11:47:55,612 [canton-env-ec-35] INFO  c.d.c.s.c.BftTopologyForInitDownloader$:participant=sandbox/psid=mysynchronizer::12204a455d07::34-0 tid:e96c60e7a4e43605d73d887f1ebfe882 - Successfully downloaded topology state for init with hash matching expected SHA-256:618a54d073c9...
2026-08-26 11:47:55,612 [canton-env-ec-35] INFO  c.d.c.t.p.InitialTopologySnapshotValidator:participant=sandbox/psid=mysynchronizer::12204a455d07::34-0 tid:e96c60e7a4e43605d73d887f1ebfe882 - Validating 11/11 transactions to initialize the topology store mysynchronizer::12204a455d07...::34-0 with 2 sequencer times
2026-08-26 11:47:55,622 [canton-env-ec-35] INFO  c.d.c.t.p.TopologyStateProcessorOld:participant=sandbox/psid=mysynchronizer::12204a455d07::34-0 tid:e96c60e7a4e43605d73d887f1ebfe882 - Storing topology transaction 1/8 TxHash(SHA-256:5c8d5cd38d93...) with ts=EffectiveTime(0001-01-01T00:00:00.000001Z), signedBy=Set(1220b8e961b6...)
2026-08-26 11:47:55,622 [canton-env-ec-35] INFO  c.d.c.t.p.TopologyStateProcessorOld:participant=sandbox/psid=mysynchronizer::12204a455d07::34-0 tid:e96c60e7a4e43605d73d887f1ebfe882 - Storing topology transaction 2/8 TxHash(SHA-256:5da6d75f252b...) with ts=EffectiveTime(0001-01-01T00:00:00.000001Z), signedBy=Set(1220b8e961b6..., 1220865731eb..., 122076aa13d1...)
2026-08-26 11:47:55,622 [canton-env-ec-35] INFO  c.d.c.t.p.TopologyStateProcessorOld:participant=sandbox/psid=mysynchronizer::12204a455d07::34-0 tid:e96c60e7a4e43605d73d887f1ebfe882 - Storing topology transaction 3/8 TxHash(SHA-256:656e41b429aa...) with ts=EffectiveTime(0001-01-01T00:00:00.000001Z), signedBy=Set(1220769fb9ea...)
2026-08-26 11:47:55,622 [canton-env-ec-35] INFO  c.d.c.t.p.TopologyStateProcessorOld:participant=sandbox/psid=mysynchronizer::12204a455d07::34-0 tid:e96c60e7a4e43605d73d887f1ebfe882 - Storing topology transaction 4/8 TxHash(SHA-256:02bdad924faf...) with ts=EffectiveTime(0001-01-01T00:00:00.000001Z), signedBy=Set(1220769fb9ea..., 1220505e2921..., 12205ff0bc4d...)
2026-08-26 11:47:55,622 [canton-env-ec-35] INFO  c.d.c.t.p.TopologyStateProcessorOld:participant=sandbox/psid=mysynchronizer::12204a455d07::34-0 tid:e96c60e7a4e43605d73d887f1ebfe882 - Storing topology transaction 5/8 TxHash(SHA-256:4a14605fd842...) with ts=EffectiveTime(0001-01-01T00:00:00.000001Z), signedBy=Set(1220b8e961b6..., 1220769fb9ea...)
2026-08-26 11:47:55,622 [canton-env-ec-35] INFO  c.d.c.t.p.TopologyStateProcessorOld:participant=sandbox/psid=mysynchronizer::12204a455d07::34-0 tid:e96c60e7a4e43605d73d887f1ebfe882 - Storing topology transaction 6/8 TxHash(SHA-256:e5498fa90a1c...) with ts=EffectiveTime(0001-01-01T00:00:00.000001Z), signedBy=Set(1220b8e961b6..., 1220769fb9ea...)
2026-08-26 11:47:55,622 [canton-env-ec-35] INFO  c.d.c.t.p.TopologyStateProcessorOld:participant=sandbox/psid=mysynchronizer::12204a455d07::34-0 tid:e96c60e7a4e43605d73d887f1ebfe882 - Storing topology transaction 7/8 TxHash(SHA-256:6bfe1e56afd9...) with ts=EffectiveTime(0001-01-01T00:00:00.000001Z), signedBy=Set(1220b8e961b6..., 1220769fb9ea...)
2026-08-26 11:47:55,622 [canton-env-ec-35] INFO  c.d.c.t.p.TopologyStateProcessorOld:participant=sandbox/psid=mysynchronizer::12204a455d07::34-0 tid:e96c60e7a4e43605d73d887f1ebfe882 - Storing topology transaction 8/8 TxHash(SHA-256:3cb5768e384e...) with ts=EffectiveTime(0001-01-01T00:00:00.000001Z), signedBy=Set(1220b8e961b6..., 1220769fb9ea...)
2026-08-26 11:47:55,625 [canton-env-ec-35] INFO  c.d.c.t.p.TopologyStateProcessorOld:participant=sandbox/psid=mysynchronizer::12204a455d07::34-0 tid:e96c60e7a4e43605d73d887f1ebfe882 - Persisted topology transactions (SequencedTime(0001-01-01T00:00:00.000001Z), EffectiveTime(0001-01-01T00:00:00.000001Z)):
ValidatedTopologyTransaction(
  SignedTopologyTransaction(
    TopologyTransaction(
      NamespaceDelegation(1220b8e961b6..., SigningPublicKey(id = 1220b8e961b6..., format = DER-encoded X.509 SubjectPublicKeyInfo, keySpec = EC-Curve25519, usage = namespace), CanSignAllMappings),
      serial = 1,
      operation = Replace,
      hash = SHA-256:5c8d5cd38d93...
    ),
    signatures = 1220b8e961b6...
  )
),
ValidatedTopologyTransaction(
  SignedTopologyTransaction(
    TopologyTransaction(
      OwnerToKeyMapping(
        SEQ::sequencer1::1220b8e961b6...,
        Vector(
          SigningPublicKey(id = 1220865731eb..., format = DER-encoded X.509 SubjectPublicKeyInfo, keySpec = EC-Curve25519, usage = Set(sequencer-auth, proof-of-ownership)),
          SigningPublicKey(id = 122076aa13d1..., format = DER-encoded X.509 SubjectPublicKeyInfo, keySpec = EC-Curve25519, usage = Set(signing, proof-of-ownership))
        )
      ),
      serial = 1,
      operation = Replace,
      hash = SHA-256:5da6d75f252b...
    ),
    signatures = Seq(122076aa13d1..., 1220865731eb..., 1220b8e961b6...)
  )
),
ValidatedTopologyTransaction(
  SignedTopologyTransaction(
    TopologyTransaction(
      NamespaceDelegation(1220769fb9ea..., SigningPublicKey(id = 1220769fb9ea..., format = DER-encoded X.509 SubjectPublicKeyInfo, keySpec = EC-Curve25519, usage = namespace), CanSignAllMappings),
      serial = 1,
      operation = Replace,
      hash = SHA-256:656e41b429aa...
    ),
    signatures = 1220769fb9ea...
  )
),
ValidatedTopologyTransaction(
  SignedTopologyTransaction(
    TopologyTransaction(
      OwnerToKeyMapping(
        MED::mediator1::1220769fb9ea...,
        Vector(
          SigningPublicKey(id = 1220505e2921..., format = DER-encoded X.509 SubjectPublicKeyInfo, keySpec = EC-Curve25519, usage = Set(sequencer-auth, proof-of-ownership)),
          SigningPublicKey(id = 12205ff0bc4d..., format = DER-encoded X.509 SubjectPublicKeyInfo, keySpec = EC-Curve25519, usage = Set(signing, proof-of-ownership))
        )
      ),
      serial = 1,
      operation = Replace,
      hash = SHA-256:02bdad924faf...
    ),
    signatures = Seq(1220505e2921..., 12205ff0bc4d..., 1220769fb9ea...)
  )
),
ValidatedTopologyTransaction(
  SignedTopologyTransaction(
    TopologyTransaction(DecentralizedNamespaceDefinition(12204a455d07..., PositiveNumeric(1), Set(1220b8e961b6..., 1220769fb9ea...)), serial = 1, operation = Replace, hash = SHA-256:4a14605fd842...),
    signatures = Seq(1220769fb9ea..., 1220b8e961b6...)
  )
),
ValidatedTopologyTransaction(
  SignedTopologyTransaction(
    TopologyTransaction(
      SynchronizerParametersState(
        mysynchronizer::12204a455d07...,
        DynamicSynchronizerParameters(
          confirmation response timeout = 30s,
          mediator reaction timeout = 30s,
          assignment exclusivity timeout = 1m,
          ledger time record time tolerance = 1m,
          mediator deduplication timeout = 48h,
          reconciliation interval = 1m,
          confirmation requests max rate = 1000000,
          max request size = 10485760,
          sequencer aggregate submission timeout = 6m,
          ACS commitment catchup = AcsCommitmentsCatchUpParameters(catchUpIntervalSkip = 5, nrIntervalsToTriggerCatchUp = 2),
          participant synchronizer limits = ParticipantSynchronizerLimits(confirmation requests max rate = 1000000),
          preparation time record time tolerance = 24h,
          onboarding restriction = UnrestrictedOpen
        )
      ),
      serial = 1,
      operation = Replace,
      hash = SHA-256:e5498fa90a1c...
    ),
    signatures = Seq(1220769fb9ea..., 1220b8e961b6...)
  )
),
ValidatedTopologyTransaction(
  SignedTopologyTransaction(
    TopologyTransaction(
      MediatorSynchronizerState(mysynchronizer::12204a455d07..., NonNegativeNumeric(0), PositiveNumeric(1), Vector(MED::mediator1::1220769fb9ea...), Vector()),
      serial = 1,
      operation = Replace,
      hash = SHA-256:6bfe1e56afd9...
    ),
    signatures = Seq(1220769fb9ea..., 1220b8e961b6...)
  )
),
ValidatedTopologyTransaction(
  SignedTopologyTransaction(
    TopologyTransaction(
      SequencerSynchronizerState(mysynchronizer::12204a455d07..., PositiveNumeric(1), Vector(SEQ::sequencer1::1220b8e961b6...), Vector()),
      serial = 1,
      operation = Replace,
      hash = SHA-256:3cb5768e384e...
    ),
    signatures = Seq(1220769fb9ea..., 1220b8e961b6...)
  )
)
2026-08-26 11:47:55,629 [canton-env-ec-37] INFO  c.d.c.t.p.TopologyStateProcessorOld:participant=sandbox/psid=mysynchronizer::12204a455d07::34-0 tid:e96c60e7a4e43605d73d887f1ebfe882 - Storing topology transaction 1/3 TxHash(SHA-256:5d07dfdda19e...) with ts=EffectiveTime(2026-08-26T08:47:55.131030Z), signedBy=Set(1220f5bf536d...)
2026-08-26 11:47:55,629 [canton-env-ec-37] INFO  c.d.c.t.p.TopologyStateProcessorOld:participant=sandbox/psid=mysynchronizer::12204a455d07::34-0 tid:e96c60e7a4e43605d73d887f1ebfe882 - Storing topology transaction 2/3 TxHash(SHA-256:39488575599d...) with ts=EffectiveTime(2026-08-26T08:47:55.131030Z), signedBy=Set(1220f5bf536d..., 122088e06438..., 12209aed31e2...)
2026-08-26 11:47:55,629 [canton-env-ec-37] INFO  c.d.c.t.p.TopologyStateProcessorOld:participant=sandbox/psid=mysynchronizer::12204a455d07::34-0 tid:e96c60e7a4e43605d73d887f1ebfe882 - Storing topology transaction 3/3 TxHash(SHA-256:82a22573ee2b...) with ts=EffectiveTime(2026-08-26T08:47:55.131030Z), signedBy=Set(1220f5bf536d...)
2026-08-26 11:47:55,630 [canton-env-ec-37] INFO  c.d.c.t.p.TopologyStateProcessorOld:participant=sandbox/psid=mysynchronizer::12204a455d07::34-0 tid:e96c60e7a4e43605d73d887f1ebfe882 - Persisted topology transactions (SequencedTime(2026-08-26T08:47:55.131030Z), EffectiveTime(2026-08-26T08:47:55.131030Z)):
ValidatedTopologyTransaction(
  SignedTopologyTransaction(
    TopologyTransaction(
      NamespaceDelegation(1220f5bf536d..., SigningPublicKey(id = 1220f5bf536d..., format = DER-encoded X.509 SubjectPublicKeyInfo, keySpec = EC-Curve25519, usage = namespace), CanSignAllMappings),
      serial = 1,
      operation = Replace,
      hash = SHA-256:5d07dfdda19e...
    ),
    signatures = 1220f5bf536d...
  )
),
ValidatedTopologyTransaction(
  SignedTopologyTransaction(
    TopologyTransaction(
      OwnerToKeyMapping(
        PAR::sandbox::1220f5bf536d...,
        Vector(
          SigningPublicKey(id = 122088e06438..., format = DER-encoded X.509 SubjectPublicKeyInfo, keySpec = EC-Curve25519, usage = Set(sequencer-auth, proof-of-ownership)),
          SigningPublicKey(id = 12209aed31e2..., format = DER-encoded X.509 SubjectPublicKeyInfo, keySpec = EC-Curve25519, usage = Set(signing, proof-of-ownership)),
          EncryptionPublicKey(id = 12200dde1078..., format = DER-encoded X.509 SubjectPublicKeyInfo, keySpec = EC-P256)
        )
      ),
      serial = 1,
      operation = Replace,
      hash = SHA-256:39488575599d...
    ),
    signatures = Seq(122088e06438..., 12209aed31e2..., 1220f5bf536d...)
  )
),
ValidatedTopologyTransaction(
  SignedTopologyTransaction(
    TopologyTransaction(SynchronizerTrustCertificate(PAR::sandbox::1220f5bf536d..., mysynchronizer::12204a455d07..., Vector()), serial = 1, operation = Replace, hash = SHA-256:82a22573ee2b...),
    signatures = 1220f5bf536d...
  )
)
2026-08-26 11:47:55,630 [canton-env-ec-37] INFO  c.d.c.t.p.InitialTopologySnapshotValidator:participant=sandbox/psid=mysynchronizer::12204a455d07::34-0 tid:e96c60e7a4e43605d73d887f1ebfe882 - Import validated and completed, verifying now that the result matches the imported snapshot.
2026-08-26 11:47:55,631 [canton-env-ec-36] INFO  c.d.c.t.p.InitialTopologySnapshotValidator:participant=sandbox/psid=mysynchronizer::12204a455d07::34-0 tid:e96c60e7a4e43605d73d887f1ebfe882 - Successfully validated and imported 11 topology transactions into the topology store mysynchronizer::12204a455d07...::34-0.
2026-08-26 11:47:55,663 [canton-env-ec-36] INFO  c.d.c.p.s.SyncEphemeralStateFactoryImpl:participant=sandbox tid:e96c60e7a4e43605d73d887f1ebfe882 - Computed starting points: ProcessingStartingPoints(
  clean replay = MessageCleanReplayStartingPoint(next request counter = 0, next sequencer counter = 0, prenext timestamp = 0001-01-01T00:00:00Z),
  processing = MessageProcessingStartingPoint(
    next request counter = 0,
    next sequencer counter = 0,
    last sequencer timestamp = 0001-01-01T00:00:00Z,
    current record time = 0001-01-01T00:00:00Z,
    next repair counter = 0
  )
)
2026-08-26 11:47:55,712 [canton-env-ec-36] INFO  c.d.c.p.p.AcsCommitmentProcessor$:participant=sandbox/psid=mysynchronizer::12204a455d07::34-0 - Initialized from stored snapshot at RecordTime(timestamp = 0001-01-01T00:00:00Z, tieBreaker = -9223372036854775808) (might be incomplete) with CommitmentSnapshot(record time = RecordTime(timestamp = 0001-01-01T00:00:00Z, tieBreaker = -9223372036854775808), active = Map(), delta (parties) = Set(), deleted = Set())
2026-08-26 11:47:55,716 [canton-env-ec-36] INFO  c.d.c.p.p.AcsCommitmentProcessor:participant=sandbox/psid=mysynchronizer::12204a455d07::34-0 - Will use parallelism 7 out of 8 when computing ACS commitments
2026-08-26 11:47:55,718 [canton-env-ec-36] INFO  c.d.c.p.p.AcsCommitmentProcessor$:participant=sandbox/psid=mysynchronizer::12204a455d07::34-0 - Initialized the ACS commitment processor DB queue and started processing buffered commitments until None
2026-08-26 11:47:55,721 [canton-env-ec-34] INFO  c.d.c.p.p.ParticipantTopologyTerminateProcessing:participant=sandbox/psid=mysynchronizer::12204a455d07::34-0 - Fetching effective state changes after initial record time 0001-01-01T00:00:00Z at synchronizer-startup for topology event recovery.
2026-08-26 11:47:55,728 [canton-env-ec-34] INFO  c.d.c.p.p.ParticipantTopologyTerminateProcessing:participant=sandbox/psid=mysynchronizer::12204a455d07::34-0 - Found 1 outstanding events from synchronizer bootstrapping and 0 outstanding events from topology processing to process.
2026-08-26 11:47:55,729 [canton-env-ec-34] INFO  c.d.c.p.p.ParticipantTopologyTerminateProcessing:participant=sandbox/psid=mysynchronizer::12204a455d07::34-0 - Fetching trace-contexts for 0 topology-updates for topology event recovery.
2026-08-26 11:47:55,729 [canton-env-ec-34] INFO  c.d.c.p.p.ParticipantTopologyTerminateProcessing:participant=sandbox/psid=mysynchronizer::12204a455d07::34-0 - Scheduling 1 topology events at synchronizer-startup.
2026-08-26 11:47:55,797 [canton-env-ec-34] INFO  c.d.c.h.MutableHealthComponent:participant=sandbox - 'acs-commitment-processor' is now in state Ok(). Previous state was Not Initialized.
2026-08-26 11:47:55,798 [canton-env-ec-34] INFO  c.d.c.h.MutableHealthComponent:participant=sandbox - 'acs-commitment-processor' is now in state Ok(). Previous state was Not Initialized.
2026-08-26 11:47:55,798 [canton-env-ec-34] INFO  c.d.c.p.s.ConnectedSynchronizer:participant=sandbox/psid=mysynchronizer::12204a455d07::34-0 tid:e96c60e7a4e43605d73d887f1ebfe882 - 'connected-synchronizer' is now in state Ok(). Previous state was Not Initialized.
2026-08-26 11:47:55,798 [canton-env-ec-34] INFO  c.d.c.h.MutableHealthComponent:participant=sandbox tid:e96c60e7a4e43605d73d887f1ebfe882 - 'connected-synchronizer' is now in state Ok(). Previous state was Not Initialized.
2026-08-26 11:47:55,798 [canton-env-ec-34] INFO  c.d.c.h.MutableHealthComponent:participant=sandbox tid:e96c60e7a4e43605d73d887f1ebfe882 - 'connected-synchronizer' is now in state Ok(). Previous state was Not Initialized.
2026-08-26 11:47:55,798 [canton-env-ec-34] INFO  c.d.c.p.s.SynchronizerConnectionsManager:participant=sandbox tid:e96c60e7a4e43605d73d887f1ebfe882 - Connected to synchronizer and starting synchronisation: Synchronizer 'mysynchronizer'
2026-08-26 11:47:55,801 [canton-env-ec-39] INFO  c.d.c.p.s.ConnectedSynchronizer:participant=sandbox/psid=mysynchronizer::12204a455d07::34-0 tid:e96c60e7a4e43605d73d887f1ebfe882 - The next repair counter would be 0
2026-08-26 11:47:55,803 [canton-env-ec-42] INFO  c.d.c.p.s.ConnectedSynchronizer:participant=sandbox/psid=mysynchronizer::12204a455d07::34-0 tid:e96c60e7a4e43605d73d887f1ebfe882 - Looking for ACS changes to replay between 0001-01-01T00:00:00Z and TimeOfChange(timestamp = 0001-01-01T00:00:00Z, counter = Some(0)) in batches of 100
2026-08-26 11:47:55,805 [canton-env-ec-39] INFO  c.d.c.p.s.ConnectedSynchronizer:participant=sandbox/psid=mysynchronizer::12204a455d07::34-0 tid:e96c60e7a4e43605d73d887f1ebfe882 - Replaying 0 ACS changes between TimeOfChange(timestamp = 0001-01-01T00:00:00Z) (exclusive) and TimeOfChange(timestamp = 0001-01-01T00:00:00Z, counter = Some(0)) to the commitment processor
2026-08-26 11:47:55,807 [canton-env-ec-42] INFO  c.d.c.s.c.RichSequencerClientImpl:participant=sandbox/psid=mysynchronizer::12204a455d07::34-0 tid:e96c60e7a4e43605d73d887f1ebfe882 - No event found up to 0001-01-01T00:00:00Z. Resubscribing from the beginning.
2026-08-26 11:47:55,807 [canton-env-ec-42] INFO  c.d.c.s.c.RichSequencerClientImpl:participant=sandbox/psid=mysynchronizer::12204a455d07::34-0 tid:e96c60e7a4e43605d73d887f1ebfe882 - Processing events from the SequencedEventStore from 0001-01-01T00:00:00.000001Z on
2026-08-26 11:47:55,808 [canton-env-ec-42] INFO  c.d.c.s.SequencerSubscriptionX:participant=sandbox/psid=mysynchronizer::12204a455d07::34-0/connection=sequencer-connection-sequencer1-0 tid:e96c60e7a4e43605d73d887f1ebfe882 - Starting subscription at the beginning
2026-08-26 11:47:55,809 [canton-env-ec-42] INFO  c.d.c.s.SequencerSubscriptionX:participant=sandbox/psid=mysynchronizer::12204a455d07::34-0/connection=sequencer-connection-sequencer1-0 tid:e96c60e7a4e43605d73d887f1ebfe882 - 'subscription-sequencer-connection-sequencer1-0' is now in state Ok(). Previous state was Failed().
2026-08-26 11:47:55,809 [canton-env-ec-42] INFO  c.d.c.s.SequencerSubscriptionPoolImpl:participant=sandbox/psid=mysynchronizer::12204a455d07::34-0 tid:e96c60e7a4e43605d73d887f1ebfe882 - 'sequencer-subscription-pool' is now in state Ok(). Previous state was Not Initialized.
2026-08-26 11:47:55,809 [canton-env-ec-42] INFO  c.d.c.h.DelegatingMutableHealthComponent:participant=sandbox/psid=mysynchronizer::12204a455d07::34-0 tid:e96c60e7a4e43605d73d887f1ebfe882 - 'sequencer-client' is now in state Ok(). Previous state was Not Initialized.
2026-08-26 11:47:55,809 [canton-env-ec-42] INFO  c.d.c.h.MutableHealthComponent:participant=sandbox tid:e96c60e7a4e43605d73d887f1ebfe882 - 'sequencer-client' is now in state Ok(). Previous state was Not Initialized.
2026-08-26 11:47:55,809 [canton-env-ec-42] INFO  c.d.c.h.MutableHealthComponent:participant=sandbox tid:e96c60e7a4e43605d73d887f1ebfe882 - 'sequencer-client' is now in state Ok(). Previous state was Not Initialized.
2026-08-26 11:47:55,811 [canton-env-ec-37] INFO  c.d.c.s.s.s.GrpcSequencerService:sequencer=sequencer1 tid:e96c60e7a4e43605d73d887f1ebfe882 - PAR::sandbox::1220f5bf536d... subscribes from timestamp=None
2026-08-26 11:47:55,812 [canton-env-ec-35] INFO  c.d.c.s.s.LocalSequencerStateEventSignaller:sequencer=sequencer1/psid=mysynchronizer::12204a455d07::34-0 tid:e96c60e7a4e43605d73d887f1ebfe882 - Creating signal source for PAR::sandbox::1220f5bf536d... (id: 3)
2026-08-26 11:47:55,813 [canton-env-ec-36] INFO  c.d.c.s.s.s.SubscriptionPool:sequencer=sequencer1 tid:e96c60e7a4e43605d73d887f1ebfe882 - Adding subscription for PAR::sandbox::1220f5bf536d... to pool with 2 active
2026-08-26 11:47:55,814 [canton-env-ec-39] INFO  c.d.c.p.s.SyncEphemeralState:participant=sandbox/psid=mysynchronizer::12204a455d07::34-0 tid:e96c60e7a4e43605d73d887f1ebfe882 - 'sync-ephemeral-state' is now in state Ok(). Previous state was Not Initialized.
2026-08-26 11:47:55,814 [canton-env-ec-39] INFO  c.d.c.h.MutableHealthComponent:participant=sandbox tid:e96c60e7a4e43605d73d887f1ebfe882 - 'sync-ephemeral-state' is now in state Ok(). Previous state was Not Initialized.
2026-08-26 11:47:55,814 [canton-env-ec-39] INFO  c.d.c.h.MutableHealthComponent:participant=sandbox tid:e96c60e7a4e43605d73d887f1ebfe882 - 'sync-ephemeral-state' is now in state Ok(). Previous state was Not Initialized.
2026-08-26 11:47:56,120 [canton-env-ec-41] INFO  c.d.c.p.a.s.a.PackageUpgradeValidator:participant=sandbox tid:e96c60e7a4e43605d73d887f1ebfe882 - Typechecking upgrades for lineage of package-name daml-prim-GHC-Types.
2026-08-26 11:47:56,124 [canton-env-ec-41] INFO  c.d.c.p.a.s.a.PackageUpgradeValidator:participant=sandbox tid:e96c60e7a4e43605d73d887f1ebfe882 - Typechecking upgrades for lineage of package-name daml-prim-GHC-Types succeeded.
2026-08-26 11:47:56,124 [canton-env-ec-41] INFO  c.d.c.p.a.s.a.PackageUpgradeValidator:participant=sandbox tid:e96c60e7a4e43605d73d887f1ebfe882 - Typechecking upgrades for lineage of package-name daml-prim-DA-Exception-ArithmeticError.
2026-08-26 11:47:56,124 [canton-env-ec-41] INFO  c.d.c.p.a.s.a.PackageUpgradeValidator:participant=sandbox tid:e96c60e7a4e43605d73d887f1ebfe882 - Typechecking upgrades for lineage of package-name daml-prim-DA-Exception-ArithmeticError succeeded.
2026-08-26 11:47:56,125 [canton-env-ec-41] INFO  c.d.c.p.a.s.a.PackageUpgradeValidator:participant=sandbox tid:e96c60e7a4e43605d73d887f1ebfe882 - Typechecking upgrades for lineage of package-name daml-prim-DA-Internal-PromotedText.
2026-08-26 11:47:56,125 [canton-env-ec-41] INFO  c.d.c.p.a.s.a.PackageUpgradeValidator:participant=sandbox tid:e96c60e7a4e43605d73d887f1ebfe882 - Typechecking upgrades for lineage of package-name daml-prim-DA-Internal-PromotedText succeeded.
2026-08-26 11:47:56,125 [canton-env-ec-41] INFO  c.d.c.p.a.s.a.PackageUpgradeValidator:participant=sandbox tid:e96c60e7a4e43605d73d887f1ebfe882 - Typechecking upgrades for lineage of package-name daml-prim-DA-Exception-GeneralError.
2026-08-26 11:47:56,125 [canton-env-ec-41] INFO  c.d.c.p.a.s.a.PackageUpgradeValidator:participant=sandbox tid:e96c60e7a4e43605d73d887f1ebfe882 - Typechecking upgrades for lineage of package-name daml-prim-DA-Exception-GeneralError succeeded.
2026-08-26 11:47:56,125 [canton-env-ec-41] INFO  c.d.c.p.a.s.a.PackageUpgradeValidator:participant=sandbox tid:e96c60e7a4e43605d73d887f1ebfe882 - Typechecking upgrades for lineage of package-name daml-prim-DA-Types.
2026-08-26 11:47:56,125 [canton-env-ec-41] INFO  c.d.c.p.a.s.a.PackageUpgradeValidator:participant=sandbox tid:e96c60e7a4e43605d73d887f1ebfe882 - Typechecking upgrades for lineage of package-name daml-prim-DA-Types succeeded.
2026-08-26 11:47:56,125 [canton-env-ec-41] INFO  c.d.c.p.a.s.a.PackageUpgradeValidator:participant=sandbox tid:e96c60e7a4e43605d73d887f1ebfe882 - Typechecking upgrades for lineage of package-name daml-prim-DA-Internal-Erased.
2026-08-26 11:47:56,125 [canton-env-ec-41] INFO  c.d.c.p.a.s.a.PackageUpgradeValidator:participant=sandbox tid:e96c60e7a4e43605d73d887f1ebfe882 - Typechecking upgrades for lineage of package-name daml-prim-DA-Internal-Erased succeeded.
2026-08-26 11:47:56,125 [canton-env-ec-41] INFO  c.d.c.p.a.s.a.PackageUpgradeValidator:participant=sandbox tid:e96c60e7a4e43605d73d887f1ebfe882 - Typechecking upgrades for lineage of package-name daml-prim-GHC-Prim.
2026-08-26 11:47:56,125 [canton-env-ec-41] INFO  c.d.c.p.a.s.a.PackageUpgradeValidator:participant=sandbox tid:e96c60e7a4e43605d73d887f1ebfe882 - Typechecking upgrades for lineage of package-name daml-prim-GHC-Prim succeeded.
2026-08-26 11:47:56,125 [canton-env-ec-41] INFO  c.d.c.p.a.s.a.PackageUpgradeValidator:participant=sandbox tid:e96c60e7a4e43605d73d887f1ebfe882 - Typechecking upgrades for lineage of package-name daml-prim.
2026-08-26 11:47:56,125 [canton-env-ec-41] INFO  c.d.c.p.a.s.a.PackageUpgradeValidator:participant=sandbox tid:e96c60e7a4e43605d73d887f1ebfe882 - Typechecking upgrades for lineage of package-name daml-prim succeeded.
2026-08-26 11:47:56,125 [canton-env-ec-41] INFO  c.d.c.p.a.s.a.PackageUpgradeValidator:participant=sandbox tid:e96c60e7a4e43605d73d887f1ebfe882 - Typechecking upgrades for lineage of package-name daml-stdlib-DA-Date-Types.
2026-08-26 11:47:56,126 [canton-env-ec-41] INFO  c.d.c.p.a.s.a.PackageUpgradeValidator:participant=sandbox tid:e96c60e7a4e43605d73d887f1ebfe882 - Typechecking upgrades for lineage of package-name daml-stdlib-DA-Date-Types succeeded.
2026-08-26 11:47:56,126 [canton-env-ec-41] INFO  c.d.c.p.a.s.a.PackageUpgradeValidator:participant=sandbox tid:e96c60e7a4e43605d73d887f1ebfe882 - Typechecking upgrades for lineage of package-name daml-stdlib-DA-Time-Types.
2026-08-26 11:47:56,126 [canton-env-ec-41] INFO  c.d.c.p.a.s.a.PackageUpgradeValidator:participant=sandbox tid:e96c60e7a4e43605d73d887f1ebfe882 - Typechecking upgrades for lineage of package-name daml-stdlib-DA-Time-Types succeeded.
2026-08-26 11:47:56,126 [canton-env-ec-41] INFO  c.d.c.p.a.s.a.PackageUpgradeValidator:participant=sandbox tid:e96c60e7a4e43605d73d887f1ebfe882 - Typechecking upgrades for lineage of package-name daml-stdlib-DA-NonEmpty-Types.
2026-08-26 11:47:56,126 [canton-env-ec-41] INFO  c.d.c.p.a.s.a.PackageUpgradeValidator:participant=sandbox tid:e96c60e7a4e43605d73d887f1ebfe882 - Typechecking upgrades for lineage of package-name daml-stdlib-DA-NonEmpty-Types succeeded.
2026-08-26 11:47:56,126 [canton-env-ec-41] INFO  c.d.c.p.a.s.a.PackageUpgradeValidator:participant=sandbox tid:e96c60e7a4e43605d73d887f1ebfe882 - Typechecking upgrades for lineage of package-name daml-stdlib-DA-Stack-Types.
2026-08-26 11:47:56,126 [canton-env-ec-41] INFO  c.d.c.p.a.s.a.PackageUpgradeValidator:participant=sandbox tid:e96c60e7a4e43605d73d887f1ebfe882 - Typechecking upgrades for lineage of package-name daml-stdlib-DA-Stack-Types succeeded.
2026-08-26 11:47:56,126 [canton-env-ec-41] INFO  c.d.c.p.a.s.a.PackageUpgradeValidator:participant=sandbox tid:e96c60e7a4e43605d73d887f1ebfe882 - Typechecking upgrades for lineage of package-name daml-stdlib-DA-Monoid-Types.
2026-08-26 11:47:56,126 [canton-env-ec-41] INFO  c.d.c.p.a.s.a.PackageUpgradeValidator:participant=sandbox tid:e96c60e7a4e43605d73d887f1ebfe882 - Typechecking upgrades for lineage of package-name daml-stdlib-DA-Monoid-Types succeeded.
2026-08-26 11:47:56,126 [canton-env-ec-41] INFO  c.d.c.p.a.s.a.PackageUpgradeValidator:participant=sandbox tid:e96c60e7a4e43605d73d887f1ebfe882 - Typechecking upgrades for lineage of package-name daml-stdlib-DA-Internal-Interface-AnyView-Types.
2026-08-26 11:47:56,126 [canton-env-ec-41] INFO  c.d.c.p.a.s.a.PackageUpgradeValidator:participant=sandbox tid:e96c60e7a4e43605d73d887f1ebfe882 - Typechecking upgrades for lineage of package-name daml-stdlib-DA-Internal-Interface-AnyView-Types succeeded.
2026-08-26 11:47:56,126 [canton-env-ec-41] INFO  c.d.c.p.a.s.a.PackageUpgradeValidator:participant=sandbox tid:e96c60e7a4e43605d73d887f1ebfe882 - Typechecking upgrades for lineage of package-name ghc-stdlib-DA-Internal-Template.
2026-08-26 11:47:56,126 [canton-env-ec-41] INFO  c.d.c.p.a.s.a.PackageUpgradeValidator:participant=sandbox tid:e96c60e7a4e43605d73d887f1ebfe882 - Typechecking upgrades for lineage of package-name ghc-stdlib-DA-Internal-Template succeeded.
2026-08-26 11:47:56,126 [canton-env-ec-41] INFO  c.d.c.p.a.s.a.PackageUpgradeValidator:participant=sandbox tid:e96c60e7a4e43605d73d887f1ebfe882 - Typechecking upgrades for lineage of package-name daml-prim-DA-Exception-PreconditionFailed.
2026-08-26 11:47:56,126 [canton-env-ec-41] INFO  c.d.c.p.a.s.a.PackageUpgradeValidator:participant=sandbox tid:e96c60e7a4e43605d73d887f1ebfe882 - Typechecking upgrades for lineage of package-name daml-prim-DA-Exception-PreconditionFailed succeeded.
2026-08-26 11:47:56,126 [canton-env-ec-41] INFO  c.d.c.p.a.s.a.PackageUpgradeValidator:participant=sandbox tid:e96c60e7a4e43605d73d887f1ebfe882 - Typechecking upgrades for lineage of package-name daml-stdlib-DA-Semigroup-Types.
2026-08-26 11:47:56,126 [canton-env-ec-41] INFO  c.d.c.p.a.s.a.PackageUpgradeValidator:participant=sandbox tid:e96c60e7a4e43605d73d887f1ebfe882 - Typechecking upgrades for lineage of package-name daml-stdlib-DA-Semigroup-Types succeeded.
2026-08-26 11:47:56,126 [canton-env-ec-41] INFO  c.d.c.p.a.s.a.PackageUpgradeValidator:participant=sandbox tid:e96c60e7a4e43605d73d887f1ebfe882 - Typechecking upgrades for lineage of package-name daml-stdlib-DA-Logic-Types.
2026-08-26 11:47:56,126 [canton-env-ec-41] INFO  c.d.c.p.a.s.a.PackageUpgradeValidator:participant=sandbox tid:e96c60e7a4e43605d73d887f1ebfe882 - Typechecking upgrades for lineage of package-name daml-stdlib-DA-Logic-Types succeeded.
2026-08-26 11:47:56,126 [canton-env-ec-41] INFO  c.d.c.p.a.s.a.PackageUpgradeValidator:participant=sandbox tid:e96c60e7a4e43605d73d887f1ebfe882 - Typechecking upgrades for lineage of package-name daml-stdlib-DA-Set-Types.
2026-08-26 11:47:56,127 [canton-env-ec-41] INFO  c.d.c.p.a.s.a.PackageUpgradeValidator:participant=sandbox tid:e96c60e7a4e43605d73d887f1ebfe882 - Typechecking upgrades for lineage of package-name daml-stdlib-DA-Set-Types succeeded.
2026-08-26 11:47:56,127 [canton-env-ec-41] INFO  c.d.c.p.a.s.a.PackageUpgradeValidator:participant=sandbox tid:e96c60e7a4e43605d73d887f1ebfe882 - Typechecking upgrades for lineage of package-name daml-stdlib-DA-Internal-Down.
2026-08-26 11:47:56,127 [canton-env-ec-41] INFO  c.d.c.p.a.s.a.PackageUpgradeValidator:participant=sandbox tid:e96c60e7a4e43605d73d887f1ebfe882 - Typechecking upgrades for lineage of package-name daml-stdlib-DA-Internal-Down succeeded.
2026-08-26 11:47:56,127 [canton-env-ec-41] INFO  c.d.c.p.a.s.a.PackageUpgradeValidator:participant=sandbox tid:e96c60e7a4e43605d73d887f1ebfe882 - Typechecking upgrades for lineage of package-name daml-prim-DA-Exception-AssertionFailed.
2026-08-26 11:47:56,127 [canton-env-ec-41] INFO  c.d.c.p.a.s.a.PackageUpgradeValidator:participant=sandbox tid:e96c60e7a4e43605d73d887f1ebfe882 - Typechecking upgrades for lineage of package-name daml-prim-DA-Exception-AssertionFailed succeeded.
2026-08-26 11:47:56,127 [canton-env-ec-41] INFO  c.d.c.p.a.s.a.PackageUpgradeValidator:participant=sandbox tid:e96c60e7a4e43605d73d887f1ebfe882 - Typechecking upgrades for lineage of package-name daml-stdlib-DA-Action-State-Type.
2026-08-26 11:47:56,127 [canton-env-ec-41] INFO  c.d.c.p.a.s.a.PackageUpgradeValidator:participant=sandbox tid:e96c60e7a4e43605d73d887f1ebfe882 - Typechecking upgrades for lineage of package-name daml-stdlib-DA-Action-State-Type succeeded.
2026-08-26 11:47:56,127 [canton-env-ec-41] INFO  c.d.c.p.a.s.a.PackageUpgradeValidator:participant=sandbox tid:e96c60e7a4e43605d73d887f1ebfe882 - Typechecking upgrades for lineage of package-name ghc-stdlib-DA-Internal-Any.
2026-08-26 11:47:56,127 [canton-env-ec-41] INFO  c.d.c.p.a.s.a.PackageUpgradeValidator:participant=sandbox tid:e96c60e7a4e43605d73d887f1ebfe882 - Typechecking upgrades for lineage of package-name ghc-stdlib-DA-Internal-Any succeeded.
2026-08-26 11:47:56,127 [canton-env-ec-41] INFO  c.d.c.p.a.s.a.PackageUpgradeValidator:participant=sandbox tid:e96c60e7a4e43605d73d887f1ebfe882 - Typechecking upgrades for lineage of package-name daml-stdlib-DA-Internal-Fail-Types.
2026-08-26 11:47:56,127 [canton-env-ec-41] INFO  c.d.c.p.a.s.a.PackageUpgradeValidator:participant=sandbox tid:e96c60e7a4e43605d73d887f1ebfe882 - Typechecking upgrades for lineage of package-name daml-stdlib-DA-Internal-Fail-Types succeeded.
2026-08-26 11:47:56,127 [canton-env-ec-41] INFO  c.d.c.p.a.s.a.PackageUpgradeValidator:participant=sandbox tid:e96c60e7a4e43605d73d887f1ebfe882 - Typechecking upgrades for lineage of package-name daml-stdlib-DA-Random-Types.
2026-08-26 11:47:56,127 [canton-env-ec-41] INFO  c.d.c.p.a.s.a.PackageUpgradeValidator:participant=sandbox tid:e96c60e7a4e43605d73d887f1ebfe882 - Typechecking upgrades for lineage of package-name daml-stdlib-DA-Random-Types succeeded.
2026-08-26 11:47:56,127 [canton-env-ec-41] INFO  c.d.c.p.a.s.a.PackageUpgradeValidator:participant=sandbox tid:e96c60e7a4e43605d73d887f1ebfe882 - Typechecking upgrades for lineage of package-name daml-stdlib-DA-Validation-Types.
2026-08-26 11:47:56,127 [canton-env-ec-41] INFO  c.d.c.p.a.s.a.PackageUpgradeValidator:participant=sandbox tid:e96c60e7a4e43605d73d887f1ebfe882 - Typechecking upgrades for lineage of package-name daml-stdlib-DA-Validation-Types succeeded.
2026-08-26 11:47:56,127 [canton-env-ec-41] INFO  c.d.c.p.a.s.a.PackageUpgradeValidator:participant=sandbox tid:e96c60e7a4e43605d73d887f1ebfe882 - Typechecking upgrades for lineage of package-name daml-stdlib.
2026-08-26 11:47:56,128 [canton-env-ec-41] INFO  c.d.c.p.a.s.a.PackageUpgradeValidator:participant=sandbox tid:e96c60e7a4e43605d73d887f1ebfe882 - Typechecking upgrades for lineage of package-name daml-stdlib succeeded.
2026-08-26 11:47:56,128 [canton-env-ec-41] INFO  c.d.c.p.a.s.a.PackageUpgradeValidator:participant=sandbox tid:e96c60e7a4e43605d73d887f1ebfe882 - Typechecking upgrades for lineage of package-name daml-prim-DA-Internal-NatSyn.
2026-08-26 11:47:56,128 [canton-env-ec-41] INFO  c.d.c.p.a.s.a.PackageUpgradeValidator:participant=sandbox tid:e96c60e7a4e43605d73d887f1ebfe882 - Typechecking upgrades for lineage of package-name daml-prim-DA-Internal-NatSyn succeeded.
2026-08-26 11:47:56,128 [canton-env-ec-41] INFO  c.d.c.p.a.s.a.PackageUpgradeValidator:participant=sandbox tid:e96c60e7a4e43605d73d887f1ebfe882 - Typechecking upgrades for lineage of package-name daml-prim-GHC-Tuple.
2026-08-26 11:47:56,128 [canton-env-ec-41] INFO  c.d.c.p.a.s.a.PackageUpgradeValidator:participant=sandbox tid:e96c60e7a4e43605d73d887f1ebfe882 - Typechecking upgrades for lineage of package-name daml-prim-GHC-Tuple succeeded.
2026-08-26 11:47:56,128 [canton-env-ec-41] INFO  c.d.c.p.a.s.a.PackageUpgradeValidator:participant=sandbox tid:e96c60e7a4e43605d73d887f1ebfe882 - Typechecking upgrades for lineage of package-name canton-builtin-admin-workflow-ping.
2026-08-26 11:47:56,128 [canton-env-ec-41] INFO  c.d.c.p.a.s.a.PackageUpgradeValidator:participant=sandbox tid:e96c60e7a4e43605d73d887f1ebfe882 - Typechecking upgrades for lineage of package-name canton-builtin-admin-workflow-ping succeeded.
2026-08-26 11:47:56,131 [canton-env-ec-41] INFO  c.d.c.t.p.TopologyStateProcessorOld:participant=sandbox/psid=mysynchronizer::12204a455d07::34-0 tid:e96c60e7a4e43605d73d887f1ebfe882 - Enqueuing topology transaction 1/1 TxHash(SHA-256:191744b4823e...) with ts=EffectiveTime(2026-08-26T08:47:55.131031Z), signedBy=Set(1220f5bf536d...)
2026-08-26 11:47:56,135 [canton-env-ec-35] INFO  c.d.c.t.p.TopologyStateProcessorOld:participant=sandbox/psid=mysynchronizer::12204a455d07::34-0 tid:e96c60e7a4e43605d73d887f1ebfe882 - Enqueued topology transactions:
ValidatedTopologyTransaction(
  SignedTopologyTransaction(
    TopologyTransaction(
      VettedPackages(
        PAR::sandbox::1220f5bf536d...,
        List(
          VettedPackage(packageId = 6f8e6085f576..., unbounded),
          VettedPackage(packageId = 60c61c542207..., unbounded),
          VettedPackage(packageId = a1fa18133ae4..., unbounded),
          VettedPackage(packageId = cae345b5500e..., unbounded),
          VettedPackage(packageId = c3bb0c5d0479..., unbounded),
          VettedPackage(packageId = fcee8dfc1b81..., unbounded),
          VettedPackage(packageId = c280cc3ef501..., unbounded),
          VettedPackage(packageId = 9e70a8b3510d..., unbounded),
          VettedPackage(packageId = 91e167fa7a25..., unbounded),
          VettedPackage(packageId = b70db8369e1c..., unbounded),
          VettedPackage(packageId = f181cd661f7a..., unbounded),
          VettedPackage(packageId = bde4bd30749e..., unbounded),
          VettedPackage(packageId = 19f0df5fdaf5..., unbounded),
          VettedPackage(packageId = ab068e2f920d..., unbounded),
          VettedPackage(packageId = 86d888f34152..., unbounded),
          VettedPackage(packageId = de2cc2f90eb5..., unbounded),
          VettedPackage(packageId = 99ea07e101ed..., unbounded),
          VettedPackage(packageId = 5aee9b21b8e9..., unbounded),
          VettedPackage(packageId = bfda48f9aa2c..., unbounded),
          VettedPackage(packageId = 52854220dc19..., unbounded),
          VettedPackage(packageId = fa79192fe1cc..., unbounded),
          VettedPackage(packageId = 6da1f43a10a1..., unbounded),
          VettedPackage(packageId = 590736e6f7bc..., unbounded),
          VettedPackage(packageId = 0e4a572ab1fb..., unbounded),
          VettedPackage(packageId = d095a2ccf6dd..., unbounded),
          VettedPackage(packageId = ee33fb70918e..., unbounded),
          VettedPackage(packageId = e7e0adfa881e..., unbounded),
          VettedPackage(packageId = 7adc4c2d07fa..., unbounded),
          VettedPackage(packageId = 3cde94fe9be5..., unbounded),
          VettedPackage(packageId = e5411f3d75f0..., unbounded)
        )
      ),
      serial = 1,
      operation = Replace,
      hash = SHA-256:191744b4823e...
    ),
    signatures = 1220f5bf536d...
  )
)
2026-08-26 11:47:56,150 [canton-env-ec-36] INFO  c.d.c.s.s.s.GrpcSequencerService:sequencer=sequencer1 tid:e387e4217e39f0b06d0ba91c7d1ed14b - 'PAR::sandbox::1220f5bf536d...' sends request with id 'eeb2c806-2322-4ca4-a7ed-1b189db7f51b' of size 1803 bytes with 1 envelopes.
2026-08-26 11:47:56,194 [canton-env-ec-42] INFO  c.d.c.s.b.u.BlockChunkProcessor:sequencer=sequencer1/psid=mysynchronizer::12204a455d07::34-0 tid:e387e4217e39f0b06d0ba91c7d1ed14b - Processing block 1, data chunk 0. Last chunk timestamp=2026-08-26T08:47:55.131030Z, last sequencer event timestamp=Some(2026-08-26T08:47:55.131030Z). 1 events:
  Send of 'eeb2c806-2322-4ca4-a7ed-1b189db7f51b' at 2026-08-26T08:47:56.163487Z (tc=e387e4217e39f0b06d0ba91c7d1ed14b)
2026-08-26 11:47:56,216 [canton-env-ec-36] INFO  c.d.c.s.c.SequencedEventValidatorImpl:participant=sandbox/psid=mysynchronizer::12204a455d07::34-0/connection=sequencer-connection-sequencer1-0 tid:e387e4217e39f0b06d0ba91c7d1ed14b - Skipping signature verification of the first sequenced event due to a fresh subscription from SEQ::sequencer1::1220b8e961b6...
2026-08-26 11:47:56,216 [canton-env-ec-36] INFO  c.d.c.s.SubscriptionHandlerX:participant=sandbox/psid=mysynchronizer::12204a455d07::34-0/connection=sequencer-connection-sequencer1-0 tid:e387e4217e39f0b06d0ba91c7d1ed14b - Caught up with sequencer on batch with timestamp = 2026-08-26T08:47:56.163487Z; delta = PT0.052938S (threshold = PT2562047788015215H30M7.999999999S)
2026-08-26 11:47:56,220 [canton-env-ec-36] INFO  c.d.c.p.s.ConnectedSynchronizer:participant=sandbox/psid=mysynchronizer::12204a455d07::34-0 tid:e387e4217e39f0b06d0ba91c7d1ed14b - Caught up with sequencer on batch with timestamp = 2026-08-26T08:47:56.163487Z; delta = PT0.056552S (threshold = PT20S)
2026-08-26 11:47:56,220 [canton-env-ec-36] INFO  c.d.c.p.s.ConnectedSynchronizer$EventProcessingMonitor:participant=sandbox/psid=mysynchronizer::12204a455d07::34-0 tid:e387e4217e39f0b06d0ba91c7d1ed14b - Replaying requests 0 up to clean request index -1
2026-08-26 11:47:56,220 [canton-env-ec-36] INFO  c.d.c.p.s.ConnectedSynchronizer$EventProcessingMonitor:participant=sandbox/psid=mysynchronizer::12204a455d07::34-0 tid:e387e4217e39f0b06d0ba91c7d1ed14b - Replaying or processing locally stored events with sequencer counters 0 to -1
2026-08-26 11:47:56,222 [canton-env-ec-72] INFO  c.d.c.t.p.TopologyStateProcessorOld:sequencer=sequencer1/psid=mysynchronizer::12204a455d07::34-0 tid:e387e4217e39f0b06d0ba91c7d1ed14b - Storing topology transaction 1/1 TxHash(SHA-256:191744b4823e...) with ts=EffectiveTime(2026-08-26T08:47:56.163487Z), signedBy=Set(1220f5bf536d...)
2026-08-26 11:47:56,224 [canton-env-ec-72] INFO  c.d.c.t.p.TopologyStateProcessorOld:sequencer=sequencer1/psid=mysynchronizer::12204a455d07::34-0 tid:e387e4217e39f0b06d0ba91c7d1ed14b - Persisted topology transactions (SequencedTime(2026-08-26T08:47:56.163487Z), EffectiveTime(2026-08-26T08:47:56.163487Z)):
ValidatedTopologyTransaction(
  SignedTopologyTransaction(
    TopologyTransaction(
      VettedPackages(
        PAR::sandbox::1220f5bf536d...,
        Vector(
          VettedPackage(packageId = 6f8e6085f576..., unbounded),
          VettedPackage(packageId = 60c61c542207..., unbounded),
          VettedPackage(packageId = a1fa18133ae4..., unbounded),
          VettedPackage(packageId = cae345b5500e..., unbounded),
          VettedPackage(packageId = c3bb0c5d0479..., unbounded),
          VettedPackage(packageId = fcee8dfc1b81..., unbounded),
          VettedPackage(packageId = c280cc3ef501..., unbounded),
          VettedPackage(packageId = 9e70a8b3510d..., unbounded),
          VettedPackage(packageId = 91e167fa7a25..., unbounded),
          VettedPackage(packageId = b70db8369e1c..., unbounded),
          VettedPackage(packageId = f181cd661f7a..., unbounded),
          VettedPackage(packageId = bde4bd30749e..., unbounded),
          VettedPackage(packageId = 19f0df5fdaf5..., unbounded),
          VettedPackage(packageId = ab068e2f920d..., unbounded),
          VettedPackage(packageId = 86d888f34152..., unbounded),
          VettedPackage(packageId = de2cc2f90eb5..., unbounded),
          VettedPackage(packageId = 99ea07e101ed..., unbounded),
          VettedPackage(packageId = 5aee9b21b8e9..., unbounded),
          VettedPackage(packageId = bfda48f9aa2c..., unbounded),
          VettedPackage(packageId = 52854220dc19..., unbounded),
          VettedPackage(packageId = fa79192fe1cc..., unbounded),
          VettedPackage(packageId = 6da1f43a10a1..., unbounded),
          VettedPackage(packageId = 590736e6f7bc..., unbounded),
          VettedPackage(packageId = 0e4a572ab1fb..., unbounded),
          VettedPackage(packageId = d095a2ccf6dd..., unbounded),
          VettedPackage(packageId = ee33fb70918e..., unbounded),
          VettedPackage(packageId = e7e0adfa881e..., unbounded),
          VettedPackage(packageId = 7adc4c2d07fa..., unbounded),
          VettedPackage(packageId = 3cde94fe9be5..., unbounded),
          VettedPackage(packageId = e5411f3d75f0..., unbounded)
        )
      ),
      serial = 1,
      operation = Replace,
      hash = SHA-256:191744b4823e...
    ),
    signatures = 1220f5bf536d...
  )
)
2026-08-26 11:47:56,226 [canton-env-ec-71] INFO  c.d.c.t.p.TopologyStateProcessorOld:mediator=mediator1/psid=mysynchronizer::12204a455d07::34-0 tid:e387e4217e39f0b06d0ba91c7d1ed14b - Storing topology transaction 1/1 TxHash(SHA-256:191744b4823e...) with ts=EffectiveTime(2026-08-26T08:47:56.163487Z), signedBy=Set(1220f5bf536d...)
2026-08-26 11:47:56,228 [canton-env-ec-71] INFO  c.d.c.t.p.TopologyStateProcessorOld:mediator=mediator1/psid=mysynchronizer::12204a455d07::34-0 tid:e387e4217e39f0b06d0ba91c7d1ed14b - Persisted topology transactions (SequencedTime(2026-08-26T08:47:56.163487Z), EffectiveTime(2026-08-26T08:47:56.163487Z)):
ValidatedTopologyTransaction(
  SignedTopologyTransaction(
    TopologyTransaction(
      VettedPackages(
        PAR::sandbox::1220f5bf536d...,
        Vector(
          VettedPackage(packageId = 6f8e6085f576..., unbounded),
          VettedPackage(packageId = 60c61c542207..., unbounded),
          VettedPackage(packageId = a1fa18133ae4..., unbounded),
          VettedPackage(packageId = cae345b5500e..., unbounded),
          VettedPackage(packageId = c3bb0c5d0479..., unbounded),
          VettedPackage(packageId = fcee8dfc1b81..., unbounded),
          VettedPackage(packageId = c280cc3ef501..., unbounded),
          VettedPackage(packageId = 9e70a8b3510d..., unbounded),
          VettedPackage(packageId = 91e167fa7a25..., unbounded),
          VettedPackage(packageId = b70db8369e1c..., unbounded),
          VettedPackage(packageId = f181cd661f7a..., unbounded),
          VettedPackage(packageId = bde4bd30749e..., unbounded),
          VettedPackage(packageId = 19f0df5fdaf5..., unbounded),
          VettedPackage(packageId = ab068e2f920d..., unbounded),
          VettedPackage(packageId = 86d888f34152..., unbounded),
          VettedPackage(packageId = de2cc2f90eb5..., unbounded),
          VettedPackage(packageId = 99ea07e101ed..., unbounded),
          VettedPackage(packageId = 5aee9b21b8e9..., unbounded),
          VettedPackage(packageId = bfda48f9aa2c..., unbounded),
          VettedPackage(packageId = 52854220dc19..., unbounded),
          VettedPackage(packageId = fa79192fe1cc..., unbounded),
          VettedPackage(packageId = 6da1f43a10a1..., unbounded),
          VettedPackage(packageId = 590736e6f7bc..., unbounded),
          VettedPackage(packageId = 0e4a572ab1fb..., unbounded),
          VettedPackage(packageId = d095a2ccf6dd..., unbounded),
          VettedPackage(packageId = ee33fb70918e..., unbounded),
          VettedPackage(packageId = e7e0adfa881e..., unbounded),
          VettedPackage(packageId = 7adc4c2d07fa..., unbounded),
          VettedPackage(packageId = 3cde94fe9be5..., unbounded),
          VettedPackage(packageId = e5411f3d75f0..., unbounded)
        )
      ),
      serial = 1,
      operation = Replace,
      hash = SHA-256:191744b4823e...
    ),
    signatures = 1220f5bf536d...
  )
)
2026-08-26 11:47:56,236 [canton-env-ec-72] INFO  c.d.c.p.p.ParallelMessageDispatcher:participant=sandbox/psid=mysynchronizer::12204a455d07::34-0 tid:e387e4217e39f0b06d0ba91c7d1ed14b - Processing event at sc=0, ts=2026-08-26T08:47:56.163487Z, messageId=eeb2c806-2322-4ca4-a7ed-1b189db7f51b, with 1 envelopes
  topo-bcast with ntx=1
2026-08-26 11:47:56,239 [canton-env-ec-35] INFO  c.d.c.t.p.TopologyStateProcessorOld:participant=sandbox/psid=mysynchronizer::12204a455d07::34-0 tid:e387e4217e39f0b06d0ba91c7d1ed14b - Storing topology transaction 1/1 TxHash(SHA-256:191744b4823e...) with ts=EffectiveTime(2026-08-26T08:47:56.163487Z), signedBy=Set(1220f5bf536d...)
2026-08-26 11:47:56,241 [canton-env-ec-35] INFO  c.d.c.t.p.TopologyStateProcessorOld:participant=sandbox/psid=mysynchronizer::12204a455d07::34-0 tid:e387e4217e39f0b06d0ba91c7d1ed14b - Persisted topology transactions (SequencedTime(2026-08-26T08:47:56.163487Z), EffectiveTime(2026-08-26T08:47:56.163487Z)):
ValidatedTopologyTransaction(
  SignedTopologyTransaction(
    TopologyTransaction(
      VettedPackages(
        PAR::sandbox::1220f5bf536d...,
        Vector(
          VettedPackage(packageId = 6f8e6085f576..., unbounded),
          VettedPackage(packageId = 60c61c542207..., unbounded),
          VettedPackage(packageId = a1fa18133ae4..., unbounded),
          VettedPackage(packageId = cae345b5500e..., unbounded),
          VettedPackage(packageId = c3bb0c5d0479..., unbounded),
          VettedPackage(packageId = fcee8dfc1b81..., unbounded),
          VettedPackage(packageId = c280cc3ef501..., unbounded),
          VettedPackage(packageId = 9e70a8b3510d..., unbounded),
          VettedPackage(packageId = 91e167fa7a25..., unbounded),
          VettedPackage(packageId = b70db8369e1c..., unbounded),
          VettedPackage(packageId = f181cd661f7a..., unbounded),
          VettedPackage(packageId = bde4bd30749e..., unbounded),
          VettedPackage(packageId = 19f0df5fdaf5..., unbounded),
          VettedPackage(packageId = ab068e2f920d..., unbounded),
          VettedPackage(packageId = 86d888f34152..., unbounded),
          VettedPackage(packageId = de2cc2f90eb5..., unbounded),
          VettedPackage(packageId = 99ea07e101ed..., unbounded),
          VettedPackage(packageId = 5aee9b21b8e9..., unbounded),
          VettedPackage(packageId = bfda48f9aa2c..., unbounded),
          VettedPackage(packageId = 52854220dc19..., unbounded),
          VettedPackage(packageId = fa79192fe1cc..., unbounded),
          VettedPackage(packageId = 6da1f43a10a1..., unbounded),
          VettedPackage(packageId = 590736e6f7bc..., unbounded),
          VettedPackage(packageId = 0e4a572ab1fb..., unbounded),
          VettedPackage(packageId = d095a2ccf6dd..., unbounded),
          VettedPackage(packageId = ee33fb70918e..., unbounded),
          VettedPackage(packageId = e7e0adfa881e..., unbounded),
          VettedPackage(packageId = 7adc4c2d07fa..., unbounded),
          VettedPackage(packageId = 3cde94fe9be5..., unbounded),
          VettedPackage(packageId = e5411f3d75f0..., unbounded)
        )
      ),
      serial = 1,
      operation = Replace,
      hash = SHA-256:191744b4823e...
    ),
    signatures = 1220f5bf536d...
  )
)
2026-08-26 11:47:56,331 [main] INFO  c.digitalasset.canton.ServerRunner - Bootstrap script successfully executed.
2026-08-26 11:48:54,533 [canton-env-ec-35] INFO  c.d.c.s.b.u.BlockChunkProcessor:sequencer=sequencer1/psid=mysynchronizer::12204a455d07::34-0 tid:cc7d1c4113a31d0b4dfc7ba62baf352d - Processing block 2, data chunk 0. Last chunk timestamp=2026-08-26T08:47:56.163487Z, last sequencer event timestamp=Some(2026-08-26T08:47:56.163487Z). 1 events:
  Ack by SEQ::sequencer1::1220b8e961b6... for 2026-08-26T08:47:56.163487Z
2026-08-26 11:48:55,010 [canton-env-ec-39] INFO  c.d.c.s.b.u.BlockChunkProcessor:sequencer=sequencer1/psid=mysynchronizer::12204a455d07::34-0 tid:2fd428f46241478857088927c3ed48d7 - Processing block 3, data chunk 0. Last chunk timestamp=2026-08-26T08:47:56.163487Z, last sequencer event timestamp=Some(2026-08-26T08:47:56.163487Z). 1 events:
  Ack by MED::mediator1::1220769fb9ea... for 2026-08-26T08:47:56.163487Z
2026-08-26 11:48:55,973 [canton-env-ec-37] INFO  c.d.c.s.b.u.BlockChunkProcessor:sequencer=sequencer1/psid=mysynchronizer::12204a455d07::34-0 tid:30c9ba36fd9374d241887ecea8823b11 - Processing block 4, data chunk 0. Last chunk timestamp=2026-08-26T08:47:56.163487Z, last sequencer event timestamp=Some(2026-08-26T08:47:56.163487Z). 1 events:
  Ack by PAR::sandbox::1220f5bf536d... for 2026-08-26T08:47:56.163487Z
2026-08-26 11:49:01,707 [canton-env-ec-35] INFO  c.d.c.p.a.s.a.ApiPackageManagementService:participant=sandbox tid:a1bb213086013235ea0f97a82ac88dff - Uploading DAR file, submissionId -> 'e1fadc01-1e03-4b43-9f47-3cfc45d82210'.
2026-08-26 11:49:01,714 [canton-env-ec-37] INFO  c.d.c.p.a.PackageUploader:participant=sandbox tid:a1bb213086013235ea0f97a82ac88dff - INVALID_DAR(8,a1bb2130): Dar file is corrupt err-context:{entries=List(), location=PackageService.scala:768, throwable=com.digitalasset.daml.lf.archive.Error$InvalidZipEntry: Invalid zip entryName: META-INF/MANIFEST.MF, DAR: uploaded-via-ledger-api, content: [}]} 
com.digitalasset.daml.lf.archive.Error$InvalidZipEntry: Invalid zip entryName: META-INF/MANIFEST.MF, DAR: uploaded-via-ledger-api, content: [}]
	at com.digitalasset.daml.lf.archive.GenDarReader$ZipEntries.$anonfun$get$1(GenDarReader.scala:116)
	at scala.Option.toRight(Option.scala:593)
	at com.digitalasset.daml.lf.archive.GenDarReader$ZipEntries.get(GenDarReader.scala:116)
	at com.digitalasset.daml.lf.archive.GenDarReader$ZipEntries.readDalfNames(GenDarReader.scala:119)
	at com.digitalasset.daml.lf.archive.GenDarReaderImpl.$anonfun$readArchive$1(GenDarReader.scala:56)
	at scala.util.Either.flatMap(Either.scala:360)
	at com.digitalasset.daml.lf.archive.GenDarReaderImpl.readArchive(GenDarReader.scala:55)
	at com.digitalasset.canton.participant.admin.PackageUploader.readDarFromPayload(PackageUploader.scala:213)
	at com.digitalasset.canton.participant.admin.PackageUploader.$anonfun$upload$4(PackageUploader.scala:92)
	at cats.data.EitherT.$anonfun$flatMap$1(EitherT.scala:446)
	at com.digitalasset.canton.lifecycle.FutureUnlessShutdownImpl$$anon$5.$anonfun$flatMap$1(FutureUnlessShutdown.scala:358)
	at scala.concurrent.impl.Promise$Transformation.run(Promise.scala:470)
	at com.daml.executors.QueueAwareExecutorService$TrackingRunnable.run(QueueAwareExecutorService.scala:98)
	at java.base/java.util.concurrent.ForkJoinTask$RunnableExecuteAction.exec(ForkJoinTask.java:1423)
	at java.base/java.util.concurrent.ForkJoinTask.doExec(ForkJoinTask.java:387)
	at java.base/java.util.concurrent.ForkJoinPool$WorkQueue.topLevelExec(ForkJoinPool.java:1312)
	at java.base/java.util.concurrent.ForkJoinPool.scan(ForkJoinPool.java:1843)
	at java.base/java.util.concurrent.ForkJoinPool.runWorker(ForkJoinPool.java:1808)
	at java.base/java.util.concurrent.ForkJoinWorkerThread.run(ForkJoinWorkerThread.java:188)
2026-08-26 11:49:01,745 [canton-env-ec-34] INFO  c.d.c.n.g.ApiRequestLogger:participant=sandbox tid:a1bb213086013235ea0f97a82ac88dff - Request c.d.l.a.v.a.PackageManagementService/UploadDarFile by inprocess-grpc-6865: failed with INVALID_ARGUMENT/INVALID_DAR(8,a1bb2130): Dar file is corrupt
2026-08-26 12:47:34,778 [canton-env-ec-72] INFO  c.d.c.s.s.a.MemberAuthenticationServiceImpl:sequencer=sequencer1/psid=mysynchronizer::12204a455d07::34-0 tid:49e2b9f0d29cda10223d1066761849db - MED::mediator1::1220769fb9ea... authenticated new token with expiry 2026-08-26T10:47:34.778463Z
2026-08-26 12:47:35,624 [canton-env-ec-35] INFO  c.d.c.s.s.a.MemberAuthenticationServiceImpl:sequencer=sequencer1/psid=mysynchronizer::12204a455d07::34-0 tid:c04ab1569a0f77e6abc9c184c9b9eaa9 - PAR::sandbox::1220f5bf536d... authenticated new token with expiry 2026-08-26T10:47:35.624089Z
2026-08-26 12:47:54,752 [sequencer1-wallclock-0] INFO  c.d.c.s.s.s.SubscriptionPool:sequencer=sequencer1 - Removed subscription of MED::mediator1::1220769fb9ea..., now active=1
2026-08-26 12:47:54,765 [canton-env-ec-37] INFO  c.d.c.n.g.ApiRequestLogger:sequencer=sequencer1 tid:2f0ef44ebcc90b46057484fa2230762d - Request c.d.c.s.a.v.SequencerService/Subscribe by /127.0.0.1:61935: failed with UNAVAILABLE/Subscription token has expired
2026-08-26 12:47:54,769 [canton-env-ec-37] INFO  c.d.c.s.c.t.GrpcSequencerSubscription:mediator=mediator1/psid=mysynchronizer::12204a455d07::34-0/pool=main/connection=connection-sequencer1-0 - The sequencer subscription has been terminated by the server due to a token expiration.
2026-08-26 12:47:54,771 [canton-env-ec-39] INFO  c.d.c.s.SequencerSubscriptionX:mediator=mediator1/psid=mysynchronizer::12204a455d07::34-0/connection=sequencer-connection-sequencer1-0 - 'subscription-sequencer-connection-sequencer1-0' is now in state Failed(Component is closed). Previous state was Ok().
2026-08-26 12:47:54,771 [canton-env-ec-39] INFO  c.d.c.s.SequencerSubscriptionPoolImpl:mediator=mediator1/psid=mysynchronizer::12204a455d07::34-0 - 'sequencer-subscription-pool' is now in state Failed(only 0 subscription(s) available, trust threshold = 1). Previous state was Ok().
2026-08-26 12:47:54,772 [canton-env-ec-39] INFO  c.d.c.h.DelegatingMutableHealthComponent:mediator=mediator1/psid=mysynchronizer::12204a455d07::34-0 - 'sequencer-client' is now in state Failed(only 0 subscription(s) available, trust threshold = 1). Previous state was Ok().
2026-08-26 12:47:54,772 [canton-env-ec-39] INFO  c.d.c.h.MutableHealthComponent:mediator=mediator1 - 'sequencer-client' is now in state Failed(only 0 subscription(s) available, trust threshold = 1). Previous state was Ok().
2026-08-26 12:47:54,772 [canton-env-ec-39] INFO  c.d.c.s.SequencerSubscriptionX:mediator=mediator1/psid=mysynchronizer::12204a455d07::34-0/connection=sequencer-connection-sequencer1-0 - Starting subscription at the timestamp 2026-08-26T08:47:56.163487Z
2026-08-26 12:47:54,773 [canton-env-ec-39] INFO  c.d.c.s.SequencerSubscriptionX:mediator=mediator1/psid=mysynchronizer::12204a455d07::34-0/connection=sequencer-connection-sequencer1-0 - 'subscription-sequencer-connection-sequencer1-0' is now in state Ok(). Previous state was Failed().
2026-08-26 12:47:54,773 [canton-env-ec-39] INFO  c.d.c.s.SequencerSubscriptionPoolImpl:mediator=mediator1/psid=mysynchronizer::12204a455d07::34-0 - 'sequencer-subscription-pool' is now in state Ok(). Previous state was Failed(only 0 subscription(s) available, trust threshold = 1).
2026-08-26 12:47:54,773 [canton-env-ec-39] INFO  c.d.c.h.DelegatingMutableHealthComponent:mediator=mediator1/psid=mysynchronizer::12204a455d07::34-0 - 'sequencer-client' is now in state Ok(). Previous state was Failed(only 0 subscription(s) available, trust threshold = 1).
2026-08-26 12:47:54,773 [canton-env-ec-39] INFO  c.d.c.h.MutableHealthComponent:mediator=mediator1 - 'sequencer-client' is now in state Ok(). Previous state was Failed(only 0 subscription(s) available, trust threshold = 1).
2026-08-26 12:47:54,774 [canton-env-ec-39] INFO  c.d.c.s.s.s.GrpcSequencerService:sequencer=sequencer1 - MED::mediator1::1220769fb9ea... subscribes from timestamp=Some(2026-08-26T08:47:56.163487Z)
2026-08-26 12:47:54,776 [canton-env-ec-35] INFO  c.d.c.s.s.LocalSequencerStateEventSignaller:sequencer=sequencer1/psid=mysynchronizer::12204a455d07::34-0 - Creating signal source for MED::mediator1::1220769fb9ea... (id: 2)
2026-08-26 12:47:54,779 [canton-env-ec-37] INFO  c.d.c.s.s.s.SubscriptionPool:sequencer=sequencer1 - Adding subscription for MED::mediator1::1220769fb9ea... to pool with 2 active
2026-08-26 12:47:55,606 [sequencer1-wallclock-0] INFO  c.d.c.s.s.s.SubscriptionPool:sequencer=sequencer1 tid:e96c60e7a4e43605d73d887f1ebfe882 - Removed subscription of PAR::sandbox::1220f5bf536d..., now active=1
2026-08-26 12:47:55,606 [canton-env-ec-72] INFO  c.d.c.n.g.ApiRequestLogger:sequencer=sequencer1 tid:e96c60e7a4e43605d73d887f1ebfe882 - Request c.d.c.s.a.v.SequencerService/Subscribe by /127.0.0.1:61942: failed with UNAVAILABLE/Subscription token has expired
2026-08-26 12:47:55,607 [canton-env-ec-72] INFO  c.d.c.s.c.t.GrpcSequencerSubscription:participant=sandbox/synchronizerAlias=Synchronizer 'mysynchronizer'/pool=main/connection=connection-sequencer1-0 - The sequencer subscription has been terminated by the server due to a token expiration.
2026-08-26 12:47:55,607 [canton-env-ec-42] INFO  c.d.c.s.SequencerSubscriptionX:participant=sandbox/psid=mysynchronizer::12204a455d07::34-0/connection=sequencer-connection-sequencer1-0 - 'subscription-sequencer-connection-sequencer1-0' is now in state Failed(Component is closed). Previous state was Ok().
2026-08-26 12:47:55,608 [canton-env-ec-42] INFO  c.d.c.s.SequencerSubscriptionPoolImpl:participant=sandbox/psid=mysynchronizer::12204a455d07::34-0 tid:e96c60e7a4e43605d73d887f1ebfe882 - 'sequencer-subscription-pool' is now in state Failed(only 0 subscription(s) available, trust threshold = 1). Previous state was Ok().
2026-08-26 12:47:55,608 [canton-env-ec-42] INFO  c.d.c.h.DelegatingMutableHealthComponent:participant=sandbox/psid=mysynchronizer::12204a455d07::34-0 tid:e96c60e7a4e43605d73d887f1ebfe882 - 'sequencer-client' is now in state Failed(only 0 subscription(s) available, trust threshold = 1). Previous state was Ok().
2026-08-26 12:47:55,608 [canton-env-ec-42] INFO  c.d.c.h.MutableHealthComponent:participant=sandbox tid:e96c60e7a4e43605d73d887f1ebfe882 - 'sequencer-client' is now in state Failed(only 0 subscription(s) available, trust threshold = 1). Previous state was Ok().
2026-08-26 12:47:55,608 [canton-env-ec-42] INFO  c.d.c.h.MutableHealthComponent:participant=sandbox tid:e96c60e7a4e43605d73d887f1ebfe882 - 'sequencer-client' is now in state Failed(only 0 subscription(s) available, trust threshold = 1). Previous state was Ok().
2026-08-26 12:47:55,608 [canton-env-ec-42] INFO  c.d.c.s.SequencerSubscriptionX:participant=sandbox/psid=mysynchronizer::12204a455d07::34-0/connection=sequencer-connection-sequencer1-0 tid:e96c60e7a4e43605d73d887f1ebfe882 - Starting subscription at the timestamp 2026-08-26T08:47:56.163487Z
2026-08-26 12:47:55,608 [canton-env-ec-42] INFO  c.d.c.s.SequencerSubscriptionX:participant=sandbox/psid=mysynchronizer::12204a455d07::34-0/connection=sequencer-connection-sequencer1-0 tid:e96c60e7a4e43605d73d887f1ebfe882 - 'subscription-sequencer-connection-sequencer1-0' is now in state Ok(). Previous state was Failed().
2026-08-26 12:47:55,608 [canton-env-ec-42] INFO  c.d.c.s.SequencerSubscriptionPoolImpl:participant=sandbox/psid=mysynchronizer::12204a455d07::34-0 tid:e96c60e7a4e43605d73d887f1ebfe882 - 'sequencer-subscription-pool' is now in state Ok(). Previous state was Failed(only 0 subscription(s) available, trust threshold = 1).
2026-08-26 12:47:55,608 [canton-env-ec-42] INFO  c.d.c.h.DelegatingMutableHealthComponent:participant=sandbox/psid=mysynchronizer::12204a455d07::34-0 tid:e96c60e7a4e43605d73d887f1ebfe882 - 'sequencer-client' is now in state Ok(). Previous state was Failed(only 0 subscription(s) available, trust threshold = 1).
2026-08-26 12:47:55,608 [canton-env-ec-42] INFO  c.d.c.h.MutableHealthComponent:participant=sandbox tid:e96c60e7a4e43605d73d887f1ebfe882 - 'sequencer-client' is now in state Ok(). Previous state was Failed(only 0 subscription(s) available, trust threshold = 1).
2026-08-26 12:47:55,608 [canton-env-ec-42] INFO  c.d.c.h.MutableHealthComponent:participant=sandbox tid:e96c60e7a4e43605d73d887f1ebfe882 - 'sequencer-client' is now in state Ok(). Previous state was Failed(only 0 subscription(s) available, trust threshold = 1).
2026-08-26 12:47:55,610 [canton-env-ec-72] INFO  c.d.c.s.s.s.GrpcSequencerService:sequencer=sequencer1 tid:e96c60e7a4e43605d73d887f1ebfe882 - PAR::sandbox::1220f5bf536d... subscribes from timestamp=Some(2026-08-26T08:47:56.163487Z)
2026-08-26 12:47:55,611 [canton-env-ec-39] INFO  c.d.c.s.s.LocalSequencerStateEventSignaller:sequencer=sequencer1/psid=mysynchronizer::12204a455d07::34-0 tid:e96c60e7a4e43605d73d887f1ebfe882 - Creating signal source for PAR::sandbox::1220f5bf536d... (id: 3)
2026-08-26 12:47:55,611 [canton-env-ec-71] INFO  c.d.c.s.s.s.SubscriptionPool:sequencer=sequencer1 tid:e96c60e7a4e43605d73d887f1ebfe882 - Adding subscription for PAR::sandbox::1220f5bf536d... to pool with 2 active
2026-08-26 12:47:55,621 [canton-env-ec-39] ERROR c.d.c.s.c.SequencedEventValidatorImpl:participant=sandbox/psid=mysynchronizer::12204a455d07::34-0/connection=sequencer-connection-sequencer1-0 tid:e387e4217e39f0b06d0ba91c7d1ed14b - SEQUENCER_FORK_DETECTED(4,e387e421): The sequencer responded with a different message for the same sequencing timestamp, which means the sequencer forked. err-context:{expectedEvent=Some(Deliver(
  previous timestamp = None(),
  timestamp = 2026-08-26T08:47:56.163487Z,
  message id = Some(eeb2c806-2322-4ca4-a7ed-1b189db7f51b),
  synchronizer id = mysynchronizer::12204a455d07...::34-0,
  Batch(ClosedEnvelope(recipients = Recipients(Recipient trees = RecipientsTree(recipient group = All))))
)), location=SequencedEventValidator.scala:493, sequencingTimestamp=2026-08-26T08:47:56.163487Z, suppliedEvent=Deliver(
  previous timestamp = Some(2026-08-26T08:47:55.131030Z),
  timestamp = 2026-08-26T08:47:56.163487Z,
  message id = Some(eeb2c806-2322-4ca4-a7ed-1b189db7f51b),
  synchronizer id = mysynchronizer::12204a455d07...::34-0,
  Batch(ClosedEnvelope(recipients = Recipients(Recipient trees = RecipientsTree(recipient group = All))))
)} 
2026-08-26 12:47:55,623 [canton-env-ec-71] INFO  c.d.c.s.c.t.GrpcSequencerSubscription:participant=sandbox/synchronizerAlias=Synchronizer 'mysynchronizer'/pool=main/connection=connection-sequencer1-0 - gRPC subscription successfully closed due to client shutdown.
2026-08-26 12:47:55,623 [canton-env-ec-35] INFO  c.d.c.n.g.ApiRequestLogger:sequencer=sequencer1 tid:e96c60e7a4e43605d73d887f1ebfe882 - Request c.d.c.s.a.v.SequencerService/Subscribe by /127.0.0.1:61942: cancelled
2026-08-26 12:47:55,623 [canton-env-ec-35] INFO  c.d.c.s.s.s.GrpcSequencerService:sequencer=sequencer1 tid:e96c60e7a4e43605d73d887f1ebfe882 - Subscription cancelled by client PAR::sandbox::1220f5bf536d16ca773119a86b551b1f70c4b760c780629492aa374d936dcf9277f7.
2026-08-26 12:47:55,624 [canton-env-ec-42] INFO  c.d.c.s.s.s.SubscriptionPool:sequencer=sequencer1 tid:e96c60e7a4e43605d73d887f1ebfe882 - Removed subscription of PAR::sandbox::1220f5bf536d..., now active=1
2026-08-26 12:47:55,625 [canton-env-ec-39] WARN  c.d.c.s.SequencerSubscriptionX:participant=sandbox/psid=mysynchronizer::12204a455d07::34-0/connection=sequencer-connection-sequencer1-0 tid:e96c60e7a4e43605d73d887f1ebfe882 - Permanently closing sequencer subscription due to error: HandlerError(EventValidationError(ForkHappened(
  sequencing timestamp = 2026-08-26T08:47:56.163487Z,
  supplied event = Deliver(
    previous timestamp = Some(2026-08-26T08:47:55.131030Z),
    timestamp = 2026-08-26T08:47:56.163487Z,
    message id = Some(eeb2c806-2322-4ca4-a7ed-1b189db7f51b),
    synchronizer id = mysynchronizer::12204a455d07...::34-0,
    Batch(ClosedEnvelope(recipients = Recipients(Recipient trees = RecipientsTree(recipient group = All))))
  ),
  expected event = Deliver(
    previous timestamp = None(),
    timestamp = 2026-08-26T08:47:56.163487Z,
    message id = Some(eeb2c806-2322-4ca4-a7ed-1b189db7f51b),
    synchronizer id = mysynchronizer::12204a455d07...::34-0,
    Batch(ClosedEnvelope(recipients = Recipients(Recipient trees = RecipientsTree(recipient group = All))))
  )
)))
2026-08-26 12:47:55,626 [canton-env-ec-72] INFO  c.d.c.s.SequencerSubscriptionPoolImpl:participant=sandbox/psid=mysynchronizer::12204a455d07::34-0 tid:e96c60e7a4e43605d73d887f1ebfe882 - 'sequencer-subscription-pool' is now in state Fatal(
  Success(UnrecoverableError(handler returned error: EventValidationError(ForkHappened(
  sequencing timestamp = 2026-08-26T08:47:56.163487Z,
  supplied event = Deliver(
    previous timestamp = Some(2026-08-26T08:47:55.131030Z),
    timestamp = 2026-08-26T08:47:56.163487Z,
    message id = Some(eeb2c806-2322-4ca4-a7ed-1b189db7f51b),
    synchronizer id = mysynchronizer::12204a455d07...::34-0,
    Batch(ClosedEnvelope(recipients = Recipients(Recipient trees = RecipientsTree(recipient group = All))))
  ),
  expected event = Deliver(
    previous timestamp = None(),
    timestamp = 2026-08-26T08:47:56.163487Z,
    message id = Some(eeb2c806-2322-4ca4-a7ed-1b189db7f51b),
    synchronizer id = mysynchronizer::12204a455d07...::34-0,
    Batch(ClosedEnvelope(recipients = Recipients(Recipient trees = RecipientsTree(recipient group = All))))
  )
))))
). Previous state was Ok().
2026-08-26 12:47:55,626 [canton-env-ec-72] INFO  c.d.c.h.DelegatingMutableHealthComponent:participant=sandbox/psid=mysynchronizer::12204a455d07::34-0 tid:e96c60e7a4e43605d73d887f1ebfe882 - 'sequencer-client' is now in state Fatal(
  Success(UnrecoverableError(handler returned error: EventValidationError(ForkHappened(
  sequencing timestamp = 2026-08-26T08:47:56.163487Z,
  supplied event = Deliver(
    previous timestamp = Some(2026-08-26T08:47:55.131030Z),
    timestamp = 2026-08-26T08:47:56.163487Z,
    message id = Some(eeb2c806-2322-4ca4-a7ed-1b189db7f51b),
    synchronizer id = mysynchronizer::12204a455d07...::34-0,
    Batch(ClosedEnvelope(recipients = Recipients(Recipient trees = RecipientsTree(recipient group = All))))
  ),
  expected event = Deliver(
    previous timestamp = None(),
    timestamp = 2026-08-26T08:47:56.163487Z,
    message id = Some(eeb2c806-2322-4ca4-a7ed-1b189db7f51b),
    synchronizer id = mysynchronizer::12204a455d07...::34-0,
    Batch(ClosedEnvelope(recipients = Recipients(Recipient trees = RecipientsTree(recipient group = All))))
  )
))))
). Previous state was Ok().
2026-08-26 12:47:55,626 [canton-env-ec-72] INFO  c.d.c.h.MutableHealthComponent:participant=sandbox tid:e96c60e7a4e43605d73d887f1ebfe882 - 'sequencer-client' is now in state Fatal(
  Success(UnrecoverableError(handler returned error: EventValidationError(ForkHappened(
  sequencing timestamp = 2026-08-26T08:47:56.163487Z,
  supplied event = Deliver(
    previous timestamp = Some(2026-08-26T08:47:55.131030Z),
    timestamp = 2026-08-26T08:47:56.163487Z,
    message id = Some(eeb2c806-2322-4ca4-a7ed-1b189db7f51b),
    synchronizer id = mysynchronizer::12204a455d07...::34-0,
    Batch(ClosedEnvelope(recipients = Recipients(Recipient trees = RecipientsTree(recipient group = All))))
  ),
  expected event = Deliver(
    previous timestamp = None(),
    timestamp = 2026-08-26T08:47:56.163487Z,
    message id = Some(eeb2c806-2322-4ca4-a7ed-1b189db7f51b),
    synchronizer id = mysynchronizer::12204a455d07...::34-0,
    Batch(ClosedEnvelope(recipients = Recipients(Recipient trees = RecipientsTree(recipient group = All))))
  )
))))
). Previous state was Ok().
2026-08-26 12:47:55,626 [canton-env-ec-72] INFO  c.d.c.h.MutableHealthComponent:participant=sandbox tid:e96c60e7a4e43605d73d887f1ebfe882 - 'sequencer-client' is now in state Fatal(
  Success(UnrecoverableError(handler returned error: EventValidationError(ForkHappened(
  sequencing timestamp = 2026-08-26T08:47:56.163487Z,
  supplied event = Deliver(
    previous timestamp = Some(2026-08-26T08:47:55.131030Z),
    timestamp = 2026-08-26T08:47:56.163487Z,
    message id = Some(eeb2c806-2322-4ca4-a7ed-1b189db7f51b),
    synchronizer id = mysynchronizer::12204a455d07...::34-0,
    Batch(ClosedEnvelope(recipients = Recipients(Recipient trees = RecipientsTree(recipient group = All))))
  ),
  expected event = Deliver(
    previous timestamp = None(),
    timestamp = 2026-08-26T08:47:56.163487Z,
    message id = Some(eeb2c806-2322-4ca4-a7ed-1b189db7f51b),
    synchronizer id = mysynchronizer::12204a455d07...::34-0,
    Batch(ClosedEnvelope(recipients = Recipients(Recipient trees = RecipientsTree(recipient group = All))))
  )
))))
). Previous state was Ok().
2026-08-26 12:47:55,626 [canton-env-ec-72] INFO  c.d.c.s.SequencerSubscriptionPoolImpl:participant=sandbox/psid=mysynchronizer::12204a455d07::34-0 - 'sequencer-subscription-pool' is now in state Failed(Component is closed). Previous state was Fatal(
  Success(UnrecoverableError(handler returned error: EventValidationError(ForkHappened(
  sequencing timestamp = 2026-08-26T08:47:56.163487Z,
  supplied event = Deliver(
    previous timestamp = Some(2026-08-26T08:47:55.131030Z),
    timestamp = 2026-08-26T08:47:56.163487Z,
    message id = Some(eeb2c806-2322-4ca4-a7ed-1b189db7f51b),
    synchronizer id = mysynchronizer::12204a455d07...::34-0,
    Batch(ClosedEnvelope(recipients = Recipients(Recipient trees = RecipientsTree(recipient group = All))))
  ),
  expected event = Deliver(
    previous timestamp = None(),
    timestamp = 2026-08-26T08:47:56.163487Z,
    message id = Some(eeb2c806-2322-4ca4-a7ed-1b189db7f51b),
    synchronizer id = mysynchronizer::12204a455d07...::34-0,
    Batch(ClosedEnvelope(recipients = Recipients(Recipient trees = RecipientsTree(recipient group = All))))
  )
))))
).
2026-08-26 12:47:55,626 [canton-env-ec-72] INFO  c.d.c.h.DelegatingMutableHealthComponent:participant=sandbox/psid=mysynchronizer::12204a455d07::34-0 - 'sequencer-client' is now in state Failed(Component is closed). Previous state was Fatal(
  Success(UnrecoverableError(handler returned error: EventValidationError(ForkHappened(
  sequencing timestamp = 2026-08-26T08:47:56.163487Z,
  supplied event = Deliver(
    previous timestamp = Some(2026-08-26T08:47:55.131030Z),
    timestamp = 2026-08-26T08:47:56.163487Z,
    message id = Some(eeb2c806-2322-4ca4-a7ed-1b189db7f51b),
    synchronizer id = mysynchronizer::12204a455d07...::34-0,
    Batch(ClosedEnvelope(recipients = Recipients(Recipient trees = RecipientsTree(recipient group = All))))
  ),
  expected event = Deliver(
    previous timestamp = None(),
    timestamp = 2026-08-26T08:47:56.163487Z,
    message id = Some(eeb2c806-2322-4ca4-a7ed-1b189db7f51b),
    synchronizer id = mysynchronizer::12204a455d07...::34-0,
    Batch(ClosedEnvelope(recipients = Recipients(Recipient trees = RecipientsTree(recipient group = All))))
  )
))))
).
2026-08-26 12:47:55,627 [canton-env-ec-72] INFO  c.d.c.h.MutableHealthComponent:participant=sandbox - 'sequencer-client' is now in state Failed(Component is closed). Previous state was Fatal(
  Success(UnrecoverableError(handler returned error: EventValidationError(ForkHappened(
  sequencing timestamp = 2026-08-26T08:47:56.163487Z,
  supplied event = Deliver(
    previous timestamp = Some(2026-08-26T08:47:55.131030Z),
    timestamp = 2026-08-26T08:47:56.163487Z,
    message id = Some(eeb2c806-2322-4ca4-a7ed-1b189db7f51b),
    synchronizer id = mysynchronizer::12204a455d07...::34-0,
    Batch(ClosedEnvelope(recipients = Recipients(Recipient trees = RecipientsTree(recipient group = All))))
  ),
  expected event = Deliver(
    previous timestamp = None(),
    timestamp = 2026-08-26T08:47:56.163487Z,
    message id = Some(eeb2c806-2322-4ca4-a7ed-1b189db7f51b),
    synchronizer id = mysynchronizer::12204a455d07...::34-0,
    Batch(ClosedEnvelope(recipients = Recipients(Recipient trees = RecipientsTree(recipient group = All))))
  )
))))
).
2026-08-26 12:47:55,627 [canton-env-ec-72] INFO  c.d.c.h.MutableHealthComponent:participant=sandbox - 'sequencer-client' is now in state Failed(Component is closed). Previous state was Fatal(
  Success(UnrecoverableError(handler returned error: EventValidationError(ForkHappened(
  sequencing timestamp = 2026-08-26T08:47:56.163487Z,
  supplied event = Deliver(
    previous timestamp = Some(2026-08-26T08:47:55.131030Z),
    timestamp = 2026-08-26T08:47:56.163487Z,
    message id = Some(eeb2c806-2322-4ca4-a7ed-1b189db7f51b),
    synchronizer id = mysynchronizer::12204a455d07...::34-0,
    Batch(ClosedEnvelope(recipients = Recipients(Recipient trees = RecipientsTree(recipient group = All))))
  ),
  expected event = Deliver(
    previous timestamp = None(),
    timestamp = 2026-08-26T08:47:56.163487Z,
    message id = Some(eeb2c806-2322-4ca4-a7ed-1b189db7f51b),
    synchronizer id = mysynchronizer::12204a455d07...::34-0,
    Batch(ClosedEnvelope(recipients = Recipients(Recipient trees = RecipientsTree(recipient group = All))))
  )
))))
).
2026-08-26 12:47:55,627 [canton-env-ec-39] INFO  c.d.c.s.GrpcInternalSequencerConnectionX:participant=sandbox/synchronizerAlias=Synchronizer 'mysynchronizer'/pool=main/connection=sequencer1-0 tid:e96c60e7a4e43605d73d887f1ebfe882 - Stopping internal-sequencer-connection-sequencer1-0 for fatal reason: HandlerError(EventValidationError(ForkHappened(
  sequencing timestamp = 2026-08-26T08:47:56.163487Z,
  supplied event = Deliver(
    previous timestamp = Some(2026-08-26T08:47:55.131030Z),
    timestamp = 2026-08-26T08:47:56.163487Z,
    message id = Some(eeb2c806-2322-4ca4-a7ed-1b189db7f51b),
    synchronizer id = mysynchronizer::12204a455d07...::34-0,
    Batch(ClosedEnvelope(recipients = Recipients(Recipient trees = RecipientsTree(recipient group = All))))
  ),
  expected event = Deliver(
    previous timestamp = None(),
    timestamp = 2026-08-26T08:47:56.163487Z,
    message id = Some(eeb2c806-2322-4ca4-a7ed-1b189db7f51b),
    synchronizer id = mysynchronizer::12204a455d07...::34-0,
    Batch(ClosedEnvelope(recipients = Recipients(Recipient trees = RecipientsTree(recipient group = All))))
  )
)))
2026-08-26 12:47:55,627 [canton-env-ec-72] INFO  c.d.c.s.SequencerSubscriptionX:participant=sandbox/psid=mysynchronizer::12204a455d07::34-0/connection=sequencer-connection-sequencer1-0 - 'subscription-sequencer-connection-sequencer1-0' is now in state Failed(Component is closed). Previous state was Ok().
2026-08-26 12:47:55,629 [canton-env-ec-39] INFO  c.d.c.s.GrpcInternalSequencerConnectionX:participant=sandbox/synchronizerAlias=Synchronizer 'mysynchronizer'/pool=main/connection=sequencer1-0 tid:e96c60e7a4e43605d73d887f1ebfe882 - 'internal-sequencer-connection-sequencer1-0' is now in state Fatal(
  HandlerError(EventValidationError(ForkHappened(
  sequencing timestamp = 2026-08-26T08:47:56.163487Z,
  supplied event = Deliver(
    previous timestamp = Some(2026-08-26T08:47:55.131030Z),
    timestamp = 2026-08-26T08:47:56.163487Z,
    message id = Some(eeb2c806-2322-4ca4-a7ed-1b189db7f51b),
    synchronizer id = mysynchronizer::12204a455d07...::34-0,
    Batch(ClosedEnvelope(recipients = Recipients(Recipient trees = RecipientsTree(recipient group = All))))
  ),
  expected event = Deliver(
    previous timestamp = None(),
    timestamp = 2026-08-26T08:47:56.163487Z,
    message id = Some(eeb2c806-2322-4ca4-a7ed-1b189db7f51b),
    synchronizer id = mysynchronizer::12204a455d07...::34-0,
    Batch(ClosedEnvelope(recipients = Recipients(Recipient trees = RecipientsTree(recipient group = All))))
  )
)))
). Previous state was Validated.
2026-08-26 12:47:55,629 [canton-env-ec-39] INFO  c.d.c.s.SequencerConnectionXPoolImpl:participant=sandbox/synchronizerAlias=Synchronizer 'mysynchronizer'/pool=main tid:e96c60e7a4e43605d73d887f1ebfe882 - Trust threshold of 1 is no longer reachable
2026-08-26 12:47:55,629 [canton-env-ec-71] ERROR c.d.c.p.s.SynchronizerConnectionsManager:participant=sandbox tid:e96c60e7a4e43605d73d887f1ebfe882 - SYNC_SERVICE_SYNCHRONIZER_DISCONNECTED(4,e96c60e7): Synchronizer 'mysynchronizer' fatally disconnected because of handler returned error: EventValidationError(ForkHappened(
  sequencing timestamp = 2026-08-26T08:47:56.163487Z,
  supplied event = Deliver(
    previous timestamp = Some(2026-08-26T08:47:55.131030Z),
    timestamp = 2026-08-26T08:47:56.163487Z,
    message id = Some(eeb2c806-2322-4ca4-a7ed-1b189db7f51b),
    synchronizer id = mysynchronizer::12204a455d07...::34-0,
    Batch(ClosedEnvelope(recipients = Recipients(Recipient trees = RecipientsTree(recipient group = All))))
  ),
  expected event = Deliver(
    previous timestamp = None(),
    timestamp = 2026-08-26T08:47:56.163487Z,
    message id = Some(eeb2c806-2322-4ca4-a7ed-1b189db7f51b),
    synchronizer id = mysynchronizer::12204a455d07...::34-0,
    Batch(ClosedEnvelope(recipients = Recipients(Recipient trees = RecipientsTree(recipient group = All))))
  )
)) err-context:{location=SynchronizerConnectionsManager.scala:1002, synchronizerAlias=Synchronizer 'mysynchronizer'} 
2026-08-26 12:47:55,630 [canton-env-ec-34] INFO  c.d.c.s.SequencerConnectionXPoolImpl:participant=sandbox/synchronizerAlias=Synchronizer 'mysynchronizer'/pool=main - 'sequencer-connection-pool' is now in state Failed(Component is closed). Previous state was Ok().
2026-08-26 12:47:55,632 [canton-env-ec-37] INFO  c.d.c.n.g.ApiRequestLogger:sequencer=sequencer1 tid:7131306c4e6510326452b5c3e43b33b4 - Request grpc.health.v1.Health/Watch by /127.0.0.1:61942: cancelled
2026-08-26 12:47:55,634 [canton-env-ec-34] INFO  c.d.c.s.GrpcInternalSequencerConnectionX:participant=sandbox/synchronizerAlias=Synchronizer 'mysynchronizer'/pool=main/connection=sequencer1-0 - 'internal-sequencer-connection-sequencer1-0' is now in state Fatal(Closed). Previous state was Fatal(
  HandlerError(EventValidationError(ForkHappened(
  sequencing timestamp = 2026-08-26T08:47:56.163487Z,
  supplied event = Deliver(
    previous timestamp = Some(2026-08-26T08:47:55.131030Z),
    timestamp = 2026-08-26T08:47:56.163487Z,
    message id = Some(eeb2c806-2322-4ca4-a7ed-1b189db7f51b),
    synchronizer id = mysynchronizer::12204a455d07...::34-0,
    Batch(ClosedEnvelope(recipients = Recipients(Recipient trees = RecipientsTree(recipient group = All))))
  ),
  expected event = Deliver(
    previous timestamp = None(),
    timestamp = 2026-08-26T08:47:56.163487Z,
    message id = Some(eeb2c806-2322-4ca4-a7ed-1b189db7f51b),
    synchronizer id = mysynchronizer::12204a455d07...::34-0,
    Batch(ClosedEnvelope(recipients = Recipients(Recipient trees = RecipientsTree(recipient group = All))))
  )
)))
).
2026-08-26 12:47:55,634 [canton-env-ec-39] INFO  c.d.c.s.GrpcConnectionX:participant=sandbox/synchronizerAlias=Synchronizer 'mysynchronizer'/pool=main/connection=sequencer1-0 tid:e96c60e7a4e43605d73d887f1ebfe882 - 'connection-sequencer1-0' is now in state Stopped. Previous state was Started.
2026-08-26 12:47:55,636 [canton-env-ec-71] ERROR c.d.c.p.s.SynchronizerConnectionsManager:participant=sandbox tid:e96c60e7a4e43605d73d887f1ebfe882 - Fatal error occurred, crashing the node to recover from invalid state: UnrecoverableError(Synchronizer 'mysynchronizer',handler returned error: EventValidationError(ForkHappened(
  sequencing timestamp = 2026-08-26T08:47:56.163487Z,
  supplied event = Deliver(
    previous timestamp = Some(2026-08-26T08:47:55.131030Z),
    timestamp = 2026-08-26T08:47:56.163487Z,
    message id = Some(eeb2c806-2322-4ca4-a7ed-1b189db7f51b),
    synchronizer id = mysynchronizer::12204a455d07...::34-0,
    Batch(ClosedEnvelope(recipients = Recipients(Recipient trees = RecipientsTree(recipient group = All))))
  ),
  expected event = Deliver(
    previous timestamp = None(),
    timestamp = 2026-08-26T08:47:56.163487Z,
    message id = Some(eeb2c806-2322-4ca4-a7ed-1b189db7f51b),
    synchronizer id = mysynchronizer::12204a455d07...::34-0,
    Batch(ClosedEnvelope(recipients = Recipients(Recipient trees = RecipientsTree(recipient group = All))))
  )
)))
Stack trace:
  Thread[#49,submission-tracker-timeout-timer,5,main] is-daemon=true state=WAITING
    java.base@21.0.11/java.lang.Object.wait0(Native Method)
    java.base@21.0.11/java.lang.Object.wait(Object.java:366)
    java.base@21.0.11/java.lang.Object.wait(Object.java:339)
    java.base@21.0.11/java.util.TimerThread.mainLoop(Timer.java:537)
    java.base@21.0.11/java.util.TimerThread.run(Timer.java:516)

  Thread[#78,grpc-nio-worker-ELG-3-6,5,main] is-daemon=true state=RUNNABLE
    java.base@21.0.11/sun.nio.ch.SocketDispatcher.write0(Native Method)
    java.base@21.0.11/sun.nio.ch.SocketDispatcher.write(SocketDispatcher.java:65)
    java.base@21.0.11/sun.nio.ch.IOUtil.writeFromNativeBuffer(IOUtil.java:137)
    java.base@21.0.11/sun.nio.ch.IOUtil.write(IOUtil.java:81)
    java.base@21.0.11/sun.nio.ch.IOUtil.write(IOUtil.java:58)
    java.base@21.0.11/sun.nio.ch.SocketChannelImpl.write(SocketChannelImpl.java:542)
    app//io.grpc.netty.shaded.io.netty.channel.socket.nio.NioSocketChannel.doWrite(NioSocketChannel.java:414)
    app//io.grpc.netty.shaded.io.netty.channel.AbstractChannel$AbstractUnsafe.flush0(AbstractChannel.java:929)
    app//io.grpc.netty.shaded.io.netty.channel.nio.AbstractNioChannel$AbstractNioUnsafe.flush0(AbstractNioChannel.java:359)
    app//io.grpc.netty.shaded.io.netty.channel.AbstractChannel$AbstractUnsafe.flush(AbstractChannel.java:893)
    app//io.grpc.netty.shaded.io.netty.channel.DefaultChannelPipeline$HeadContext.flush(DefaultChannelPipeline.java:1319)
    app//io.grpc.netty.shaded.io.netty.channel.AbstractChannelHandlerContext.invokeFlush0(AbstractChannelHandlerContext.java:935)
    app//io.grpc.netty.shaded.io.netty.channel.AbstractChannelHandlerContext.invokeFlush(AbstractChannelHandlerContext.java:921)
    app//io.grpc.netty.shaded.io.netty.channel.AbstractChannelHandlerContext.flush(AbstractChannelHandlerContext.java:907)
    app//io.grpc.netty.shaded.io.netty.handler.codec.http2.Http2ConnectionHandler.close(Http2ConnectionHandler.java:489)
    app//io.grpc.netty.shaded.io.grpc.netty.NettyClientHandler.close(NettyClientHandler.java:483)
    app//io.grpc.netty.shaded.io.grpc.netty.NettyClientHandler.gracefulClose(NettyClientHandler.java:900)
    app//io.grpc.netty.shaded.io.grpc.netty.NettyClientHandler.write(NettyClientHandler.java:375)
    app//io.grpc.netty.shaded.io.netty.channel.AbstractChannelHandlerContext.invokeWrite0(AbstractChannelHandlerContext.java:895)
    app//io.grpc.netty.shaded.io.netty.channel.AbstractChannelHandlerContext.invokeWrite(AbstractChannelHandlerContext.java:875)
    app//io.grpc.netty.shaded.io.netty.channel.AbstractChannelHandlerContext.write(AbstractChannelHandlerContext.java:984)
    app//io.grpc.netty.shaded.io.netty.channel.AbstractChannelHandlerContext.write(AbstractChannelHandlerContext.java:868)
    app//io.grpc.netty.shaded.io.netty.channel.DefaultChannelPipeline.write(DefaultChannelPipeline.java:964)
    app//io.grpc.netty.shaded.io.netty.channel.AbstractChannel.write(AbstractChannel.java:300)
    app//io.grpc.netty.shaded.io.grpc.netty.WriteQueue$AbstractQueuedCommand.run(WriteQueue.java:206)
    app//io.grpc.netty.shaded.io.grpc.netty.WriteQueue.flush(WriteQueue.java:128)
    app//io.grpc.netty.shaded.io.grpc.netty.WriteQueue.access$000(WriteQueue.java:35)
    app//io.grpc.netty.shaded.io.grpc.netty.WriteQueue$1.run(WriteQueue.java:47)
    app//io.grpc.netty.shaded.io.netty.util.concurrent.AbstractEventExecutor.runTask(AbstractEventExecutor.java:173)
    app//io.grpc.netty.shaded.io.netty.util.concurrent.AbstractEventExecutor.safeExecute(AbstractEventExecutor.java:166)
    app//io.grpc.netty.shaded.io.netty.util.concurrent.SingleThreadEventExecutor.runAllTasks(SingleThreadEventExecutor.java:472)
    app//io.grpc.netty.shaded.io.netty.channel.nio.NioEventLoop.run(NioEventLoop.java:569)
    app//io.grpc.netty.shaded.io.netty.util.concurrent.SingleThreadEventExecutor$4.run(SingleThreadEventExecutor.java:998)
    app//io.grpc.netty.shaded.io.netty.util.internal.ThreadExecutorMap$2.run(ThreadExecutorMap.java:74)
    app//io.grpc.netty.shaded.io.netty.util.concurrent.FastThreadLocalRunnable.run(FastThreadLocalRunnable.java:30)
    java.base@21.0.11/java.lang.Thread.runWith(Thread.java:1596)
    java.base@21.0.11/java.lang.Thread.run(Thread.java:1583)

  Thread[#50,submission-tracker-timeout-timer,5,main] is-daemon=true state=WAITING
    java.base@21.0.11/java.lang.Object.wait0(Native Method)
    java.base@21.0.11/java.lang.Object.wait(Object.java:366)
    java.base@21.0.11/java.lang.Object.wait(Object.java:339)
    java.base@21.0.11/java.util.TimerThread.mainLoop(Timer.java:537)
    java.base@21.0.11/java.util.TimerThread.run(Timer.java:516)

  Thread[#67,grpc-nio-worker-ELG-3-1,5,main] is-daemon=true state=RUNNABLE
    java.base@21.0.11/sun.nio.ch.KQueue.poll(Native Method)
    java.base@21.0.11/sun.nio.ch.KQueueSelectorImpl.doSelect(KQueueSelectorImpl.java:125)
    java.base@21.0.11/sun.nio.ch.SelectorImpl.lockAndDoSelect(SelectorImpl.java:130)
    java.base@21.0.11/sun.nio.ch.SelectorImpl.select(SelectorImpl.java:142)
    app//io.grpc.netty.shaded.io.netty.channel.nio.SelectedSelectionKeySetSelector.select(SelectedSelectionKeySetSelector.java:62)
    app//io.grpc.netty.shaded.io.netty.channel.nio.NioEventLoop.select(NioEventLoop.java:891)
    app//io.grpc.netty.shaded.io.netty.channel.nio.NioEventLoop.run(NioEventLoop.java:526)
    app//io.grpc.netty.shaded.io.netty.util.concurrent.SingleThreadEventExecutor$4.run(SingleThreadEventExecutor.java:998)
    app//io.grpc.netty.shaded.io.netty.util.internal.ThreadExecutorMap$2.run(ThreadExecutorMap.java:74)
    app//io.grpc.netty.shaded.io.netty.util.concurrent.FastThreadLocalRunnable.run(FastThreadLocalRunnable.java:30)
    java.base@21.0.11/java.lang.Thread.runWith(Thread.java:1596)
    java.base@21.0.11/java.lang.Thread.run(Thread.java:1583)

  Thread[#44,timer-utils,5,main] is-daemon=true state=WAITING
    java.base@21.0.11/java.lang.Object.wait0(Native Method)
    java.base@21.0.11/java.lang.Object.wait(Object.java:366)
    java.base@21.0.11/java.lang.Object.wait(Object.java:339)
    java.base@21.0.11/java.util.TimerThread.mainLoop(Timer.java:537)
    java.base@21.0.11/java.util.TimerThread.run(Timer.java:516)

  Thread[#96,batching-pool-1,5,main] is-daemon=false state=WAITING
    java.base@21.0.11/jdk.internal.misc.Unsafe.park(Native Method)
    java.base@21.0.11/java.util.concurrent.locks.LockSupport.park(LockSupport.java:371)
    java.base@21.0.11/java.util.concurrent.locks.AbstractQueuedSynchronizer$ConditionNode.block(AbstractQueuedSynchronizer.java:519)
    java.base@21.0.11/java.util.concurrent.ForkJoinPool.unmanagedBlock(ForkJoinPool.java:3780)
    java.base@21.0.11/java.util.concurrent.ForkJoinPool.managedBlock(ForkJoinPool.java:3725)
    java.base@21.0.11/java.util.concurrent.locks.AbstractQueuedSynchronizer$ConditionObject.await(AbstractQueuedSynchronizer.java:1746)
    java.base@21.0.11/java.util.concurrent.LinkedBlockingQueue.take(LinkedBlockingQueue.java:435)
    java.base@21.0.11/java.util.concurrent.ThreadPoolExecutor.getTask(ThreadPoolExecutor.java:1070)
    java.base@21.0.11/java.util.concurrent.ThreadPoolExecutor.runWorker(ThreadPoolExecutor.java:1130)
    java.base@21.0.11/java.util.concurrent.ThreadPoolExecutor$Worker.run(ThreadPoolExecutor.java:642)
    java.base@21.0.11/java.lang.Thread.runWith(Thread.java:1596)
    java.base@21.0.11/java.lang.Thread.run(Thread.java:1583)

  Thread[#77,grpc-nio-worker-ELG-3-5,5,main] is-daemon=true state=RUNNABLE
    java.base@21.0.11/sun.nio.ch.KQueue.poll(Native Method)
    java.base@21.0.11/sun.nio.ch.KQueueSelectorImpl.doSelect(KQueueSelectorImpl.java:125)
    java.base@21.0.11/sun.nio.ch.SelectorImpl.lockAndDoSelect(SelectorImpl.java:130)
    java.base@21.0.11/sun.nio.ch.SelectorImpl.select(SelectorImpl.java:142)
    app//io.grpc.netty.shaded.io.netty.channel.nio.SelectedSelectionKeySetSelector.select(SelectedSelectionKeySetSelector.java:62)
    app//io.grpc.netty.shaded.io.netty.channel.nio.NioEventLoop.select(NioEventLoop.java:891)
    app//io.grpc.netty.shaded.io.netty.channel.nio.NioEventLoop.run(NioEventLoop.java:526)
    app//io.grpc.netty.shaded.io.netty.util.concurrent.SingleThreadEventExecutor$4.run(SingleThreadEventExecutor.java:998)
    app//io.grpc.netty.shaded.io.netty.util.internal.ThreadExecutorMap$2.run(ThreadExecutorMap.java:74)
    app//io.grpc.netty.shaded.io.netty.util.concurrent.FastThreadLocalRunnable.run(FastThreadLocalRunnable.java:30)
    java.base@21.0.11/java.lang.Thread.runWith(Thread.java:1596)
    java.base@21.0.11/java.lang.Thread.run(Thread.java:1583)

  Thread[#76,grpc-nio-worker-ELG-3-4,5,main] is-daemon=true state=RUNNABLE
    java.base@21.0.11/sun.nio.ch.KQueue.poll(Native Method)
    java.base@21.0.11/sun.nio.ch.KQueueSelectorImpl.doSelect(KQueueSelectorImpl.java:125)
    java.base@21.0.11/sun.nio.ch.SelectorImpl.lockAndDoSelect(SelectorImpl.java:130)
    java.base@21.0.11/sun.nio.ch.SelectorImpl.select(SelectorImpl.java:142)
    app//io.grpc.netty.shaded.io.netty.channel.nio.SelectedSelectionKeySetSelector.select(SelectedSelectionKeySetSelector.java:62)
    app//io.grpc.netty.shaded.io.netty.channel.nio.NioEventLoop.select(NioEventLoop.java:891)
    app//io.grpc.netty.shaded.io.netty.channel.nio.NioEventLoop.run(NioEventLoop.java:526)
    app//io.grpc.netty.shaded.io.netty.util.concurrent.SingleThreadEventExecutor$4.run(SingleThreadEventExecutor.java:998)
    app//io.grpc.netty.shaded.io.netty.util.internal.ThreadExecutorMap$2.run(ThreadExecutorMap.java:74)
    app//io.grpc.netty.shaded.io.netty.util.concurrent.FastThreadLocalRunnable.run(FastThreadLocalRunnable.java:30)
    java.base@21.0.11/java.lang.Thread.runWith(Thread.java:1596)
    java.base@21.0.11/java.lang.Thread.run(Thread.java:1583)

  Thread[#46,daml.index.db.connection.api-server housekeeper,5,main] is-daemon=true state=TIMED_WAITING
    java.base@21.0.11/jdk.internal.misc.Unsafe.park(Native Method)
    java.base@21.0.11/java.util.concurrent.locks.LockSupport.parkNanos(LockSupport.java:269)
    java.base@21.0.11/java.util.concurrent.locks.AbstractQueuedSynchronizer$ConditionObject.awaitNanos(AbstractQueuedSynchronizer.java:1797)
    java.base@21.0.11/java.util.concurrent.ScheduledThreadPoolExecutor$DelayedWorkQueue.take(ScheduledThreadPoolExecutor.java:1182)
    java.base@21.0.11/java.util.concurrent.ScheduledThreadPoolExecutor$DelayedWorkQueue.take(ScheduledThreadPoolExecutor.java:899)
    java.base@21.0.11/java.util.concurrent.ThreadPoolExecutor.getTask(ThreadPoolExecutor.java:1070)
    java.base@21.0.11/java.util.concurrent.ThreadPoolExecutor.runWorker(ThreadPoolExecutor.java:1130)
    java.base@21.0.11/java.util.concurrent.ThreadPoolExecutor$Worker.run(ThreadPoolExecutor.java:642)
    java.base@21.0.11/java.lang.Thread.runWith(Thread.java:1596)
    java.base@21.0.11/java.lang.Thread.run(Thread.java:1583)

  Thread[#35,canton-env-ec-35,5,main] is-daemon=true state=WAITING
    java.base@21.0.11/jdk.internal.misc.Unsafe.park(Native Method)
    java.base@21.0.11/java.util.concurrent.locks.LockSupport.park(LockSupport.java:371)
    java.base@21.0.11/java.util.concurrent.ForkJoinPool.awaitWork(ForkJoinPool.java:1893)
    java.base@21.0.11/java.util.concurrent.ForkJoinPool.runWorker(ForkJoinPool.java:1809)
    java.base@21.0.11/java.util.concurrent.ForkJoinWorkerThread.run(ForkJoinWorkerThread.java:188)

  Thread[#36,canton-env-ec-36,5,main] is-daemon=true state=WAITING
    java.base@21.0.11/jdk.internal.misc.Unsafe.park(Native Method)
    java.base@21.0.11/java.util.concurrent.locks.LockSupport.park(LockSupport.java:371)
    java.base@21.0.11/java.util.concurrent.ForkJoinPool.awaitWork(ForkJoinPool.java:1893)
    java.base@21.0.11/java.util.concurrent.ForkJoinPool.runWorker(ForkJoinPool.java:1809)
    java.base@21.0.11/java.util.concurrent.ForkJoinWorkerThread.run(ForkJoinWorkerThread.java:188)

  Thread[#19,Common-Cleaner,8,InnocuousThreadGroup] is-daemon=true state=TIMED_WAITING
    java.base@21.0.11/jdk.internal.misc.Unsafe.park(Native Method)
    java.base@21.0.11/java.util.concurrent.locks.LockSupport.parkNanos(LockSupport.java:269)
    java.base@21.0.11/java.util.concurrent.locks.AbstractQueuedSynchronizer$ConditionObject.await(AbstractQueuedSynchronizer.java:1886)
    java.base@21.0.11/java.lang.ref.ReferenceQueue.await(ReferenceQueue.java:71)
    java.base@21.0.11/java.lang.ref.ReferenceQueue.remove0(ReferenceQueue.java:143)
    java.base@21.0.11/java.lang.ref.ReferenceQueue.remove(ReferenceQueue.java:218)
    java.base@21.0.11/jdk.internal.ref.CleanerImpl.run(CleanerImpl.java:140)
    java.base@21.0.11/java.lang.Thread.runWith(Thread.java:1596)
    java.base@21.0.11/java.lang.Thread.run(Thread.java:1583)
    java.base@21.0.11/jdk.internal.misc.InnocuousThread.run(InnocuousThread.java:186)

  Thread[#71,canton-env-ec-71,5,main] is-daemon=true state=RUNNABLE
    java.base@21.0.11/java.lang.Thread.dumpThreads(Native Method)
    java.base@21.0.11/java.lang.Thread.getAllStackTraces(Thread.java:2522)
    app//com.digitalasset.canton.util.StackTraceUtil$.formatStackTrace(StackTraceUtil.scala:10)
    app//com.digitalasset.canton.error.FatalError$.exitOnFatalError(FatalError.scala:21)
    app//com.digitalasset.canton.error.FatalError$.exitOnFatalError(FatalError.scala:34)
    app//com.digitalasset.canton.participant.sync.SynchronizerConnectionsManager.handleCloseDegradation$1(SynchronizerConnectionsManager.scala:796)
    app//com.digitalasset.canton.participant.sync.SynchronizerConnectionsManager.$anonfun$performSynchronizerConnection$18(SynchronizerConnectionsManager.scala:1001)
    app//com.digitalasset.canton.participant.sync.SynchronizerConnectionsManager.$anonfun$performSynchronizerConnection$18$adapted(SynchronizerConnectionsManager.scala:988)
    app//com.digitalasset.canton.participant.sync.SynchronizerConnectionsManager$$Lambda/0x000000700339aed8.apply(Unknown Source)
    app//scala.concurrent.impl.Promise$Transformation.run(Promise.scala:484)
    app//com.daml.executors.QueueAwareExecutorService$TrackingRunnable.run(QueueAwareExecutorService.scala:98)
    java.base@21.0.11/java.util.concurrent.ForkJoinTask$RunnableExecuteAction.exec(ForkJoinTask.java:1423)
    java.base@21.0.11/java.util.concurrent.ForkJoinTask.doExec(ForkJoinTask.java:387)
    java.base@21.0.11/java.util.concurrent.ForkJoinPool$WorkQueue.topLevelExec(ForkJoinPool.java:1312)
    java.base@21.0.11/java.util.concurrent.ForkJoinPool.scan(ForkJoinPool.java:1843)
    java.base@21.0.11/java.util.concurrent.ForkJoinPool.runWorker(ForkJoinPool.java:1808)
    java.base@21.0.11/java.util.concurrent.ForkJoinWorkerThread.run(ForkJoinWorkerThread.java:188)

  Thread[#70,grpc-nio-worker-ELG-3-3,5,main] is-daemon=true state=RUNNABLE
    java.base@21.0.11/sun.nio.ch.KQueue.poll(Native Method)
    java.base@21.0.11/sun.nio.ch.KQueueSelectorImpl.doSelect(KQueueSelectorImpl.java:125)
    java.base@21.0.11/sun.nio.ch.SelectorImpl.lockAndDoSelect(SelectorImpl.java:130)
    java.base@21.0.11/sun.nio.ch.SelectorImpl.select(SelectorImpl.java:142)
    app//io.grpc.netty.shaded.io.netty.channel.nio.SelectedSelectionKeySetSelector.select(SelectedSelectionKeySetSelector.java:62)
    app//io.grpc.netty.shaded.io.netty.channel.nio.NioEventLoop.select(NioEventLoop.java:891)
    app//io.grpc.netty.shaded.io.netty.channel.nio.NioEventLoop.run(NioEventLoop.java:526)
    app//io.grpc.netty.shaded.io.netty.util.concurrent.SingleThreadEventExecutor$4.run(SingleThreadEventExecutor.java:998)
    app//io.grpc.netty.shaded.io.netty.util.internal.ThreadExecutorMap$2.run(ThreadExecutorMap.java:74)
    app//io.grpc.netty.shaded.io.netty.util.concurrent.FastThreadLocalRunnable.run(FastThreadLocalRunnable.java:30)
    java.base@21.0.11/java.lang.Thread.runWith(Thread.java:1596)
    java.base@21.0.11/java.lang.Thread.run(Thread.java:1583)

  Thread[#9,Reference Handler,10,system] is-daemon=true state=RUNNABLE
    java.base@21.0.11/java.lang.ref.Reference.waitForReferencePendingList(Native Method)
    java.base@21.0.11/java.lang.ref.Reference.processPendingReferences(Reference.java:246)
    java.base@21.0.11/java.lang.ref.Reference$ReferenceHandler.run(Reference.java:208)

  Thread[#64,grpc-timer-0,5,main] is-daemon=true state=WAITING
    java.base@21.0.11/jdk.internal.misc.Unsafe.park(Native Method)
    java.base@21.0.11/java.util.concurrent.locks.LockSupport.park(LockSupport.java:371)
    java.base@21.0.11/java.util.concurrent.locks.AbstractQueuedSynchronizer$ConditionNode.block(AbstractQueuedSynchronizer.java:519)
    java.base@21.0.11/java.util.concurrent.ForkJoinPool.unmanagedBlock(ForkJoinPool.java:3780)
    java.base@21.0.11/java.util.concurrent.ForkJoinPool.managedBlock(ForkJoinPool.java:3725)
    java.base@21.0.11/java.util.concurrent.locks.AbstractQueuedSynchronizer$ConditionObject.await(AbstractQueuedSynchronizer.java:1746)
    java.base@21.0.11/java.util.concurrent.ScheduledThreadPoolExecutor$DelayedWorkQueue.take(ScheduledThreadPoolExecutor.java:1170)
    java.base@21.0.11/java.util.concurrent.ScheduledThreadPoolExecutor$DelayedWorkQueue.take(ScheduledThreadPoolExecutor.java:899)
    java.base@21.0.11/java.util.concurrent.ThreadPoolExecutor.getTask(ThreadPoolExecutor.java:1070)
    java.base@21.0.11/java.util.concurrent.ThreadPoolExecutor.runWorker(ThreadPoolExecutor.java:1130)
    java.base@21.0.11/java.util.concurrent.ThreadPoolExecutor$Worker.run(ThreadPoolExecutor.java:642)
    java.base@21.0.11/java.lang.Thread.runWith(Thread.java:1596)
    java.base@21.0.11/java.lang.Thread.run(Thread.java:1583)

  Thread[#55,http-json-ledger-api-scheduler-1,5,main] is-daemon=false state=TIMED_WAITING
    java.base@21.0.11/java.lang.Thread.sleep0(Native Method)
    java.base@21.0.11/java.lang.Thread.sleep(Thread.java:509)
    app//org.apache.pekko.actor.LightArrayRevolverScheduler.waitNanos(LightArrayRevolverScheduler.scala:121)
    app//org.apache.pekko.actor.LightArrayRevolverScheduler$$anon$3.nextTick(LightArrayRevolverScheduler.scala:314)
    app//org.apache.pekko.actor.LightArrayRevolverScheduler$$anon$3.run(LightArrayRevolverScheduler.scala:284)
    java.base@21.0.11/java.lang.Thread.runWith(Thread.java:1596)
    java.base@21.0.11/java.lang.Thread.run(Thread.java:1583)

  Thread[#93,pool-8-thread-1,5,main] is-daemon=false state=WAITING
    java.base@21.0.11/jdk.internal.misc.Unsafe.park(Native Method)
    java.base@21.0.11/java.util.concurrent.locks.LockSupport.park(LockSupport.java:371)
    java.base@21.0.11/java.util.concurrent.locks.AbstractQueuedSynchronizer$ConditionNode.block(AbstractQueuedSynchronizer.java:519)
    java.base@21.0.11/java.util.concurrent.ForkJoinPool.unmanagedBlock(ForkJoinPool.java:3780)
    java.base@21.0.11/java.util.concurrent.ForkJoinPool.managedBlock(ForkJoinPool.java:3725)
    java.base@21.0.11/java.util.concurrent.locks.AbstractQueuedSynchronizer$ConditionObject.await(AbstractQueuedSynchronizer.java:1746)
    java.base@21.0.11/java.util.concurrent.LinkedBlockingQueue.take(LinkedBlockingQueue.java:435)
    java.base@21.0.11/java.util.concurrent.ThreadPoolExecutor.getTask(ThreadPoolExecutor.java:1070)
    java.base@21.0.11/java.util.concurrent.ThreadPoolExecutor.runWorker(ThreadPoolExecutor.java:1130)
    java.base@21.0.11/java.util.concurrent.ThreadPoolExecutor$Worker.run(ThreadPoolExecutor.java:642)
    java.base@21.0.11/java.lang.Thread.runWith(Thread.java:1596)
    java.base@21.0.11/java.lang.Thread.run(Thread.java:1583)

  Thread[#85,mediator1-wallclock-0,5,main] is-daemon=true state=TIMED_WAITING
    java.base@21.0.11/jdk.internal.misc.Unsafe.park(Native Method)
    java.base@21.0.11/java.util.concurrent.locks.LockSupport.parkNanos(LockSupport.java:269)
    java.base@21.0.11/java.util.concurrent.locks.AbstractQueuedSynchronizer$ConditionObject.awaitNanos(AbstractQueuedSynchronizer.java:1797)
    java.base@21.0.11/java.util.concurrent.ScheduledThreadPoolExecutor$DelayedWorkQueue.take(ScheduledThreadPoolExecutor.java:1182)
    java.base@21.0.11/java.util.concurrent.ScheduledThreadPoolExecutor$DelayedWorkQueue.take(ScheduledThreadPoolExecutor.java:899)
    java.base@21.0.11/java.util.concurrent.ThreadPoolExecutor.getTask(ThreadPoolExecutor.java:1070)
    java.base@21.0.11/java.util.concurrent.ThreadPoolExecutor.runWorker(ThreadPoolExecutor.java:1130)
    java.base@21.0.11/java.util.concurrent.ThreadPoolExecutor$Worker.run(ThreadPoolExecutor.java:642)
    java.base@21.0.11/java.lang.Thread.runWith(Thread.java:1596)
    java.base@21.0.11/java.lang.Thread.run(Thread.java:1583)

  Thread[#89,sandbox-wallclock-0,5,main] is-daemon=true state=TIMED_WAITING
    java.base@21.0.11/jdk.internal.misc.Unsafe.park(Native Method)
    java.base@21.0.11/java.util.concurrent.locks.LockSupport.parkNanos(LockSupport.java:269)
    java.base@21.0.11/java.util.concurrent.locks.AbstractQueuedSynchronizer$ConditionObject.awaitNanos(AbstractQueuedSynchronizer.java:1797)
    java.base@21.0.11/java.util.concurrent.ScheduledThreadPoolExecutor$DelayedWorkQueue.take(ScheduledThreadPoolExecutor.java:1182)
    java.base@21.0.11/java.util.concurrent.ScheduledThreadPoolExecutor$DelayedWorkQueue.take(ScheduledThreadPoolExecutor.java:899)
    java.base@21.0.11/java.util.concurrent.ThreadPoolExecutor.getTask(ThreadPoolExecutor.java:1070)
    java.base@21.0.11/java.util.concurrent.ThreadPoolExecutor.runWorker(ThreadPoolExecutor.java:1130)
    java.base@21.0.11/java.util.concurrent.ThreadPoolExecutor$Worker.run(ThreadPoolExecutor.java:642)
    java.base@21.0.11/java.lang.Thread.runWith(Thread.java:1596)
    java.base@21.0.11/java.lang.Thread.run(Thread.java:1583)

  Thread[#18,Notification Thread,9,system] is-daemon=true state=RUNNABLE
  Thread[#91,batching-pool-0,5,main] is-daemon=false state=WAITING
    java.base@21.0.11/jdk.internal.misc.Unsafe.park(Native Method)
    java.base@21.0.11/java.util.concurrent.locks.LockSupport.park(LockSupport.java:371)
    java.base@21.0.11/java.util.concurrent.locks.AbstractQueuedSynchronizer$ConditionNode.block(AbstractQueuedSynchronizer.java:519)
    java.base@21.0.11/java.util.concurrent.ForkJoinPool.unmanagedBlock(ForkJoinPool.java:3780)
    java.base@21.0.11/java.util.concurrent.ForkJoinPool.managedBlock(ForkJoinPool.java:3725)
    java.base@21.0.11/java.util.concurrent.locks.AbstractQueuedSynchronizer$ConditionObject.await(AbstractQueuedSynchronizer.java:1746)
    java.base@21.0.11/java.util.concurrent.LinkedBlockingQueue.take(LinkedBlockingQueue.java:435)
    java.base@21.0.11/java.util.concurrent.ThreadPoolExecutor.getTask(ThreadPoolExecutor.java:1070)
    java.base@21.0.11/java.util.concurrent.ThreadPoolExecutor.runWorker(ThreadPoolExecutor.java:1130)
    java.base@21.0.11/java.util.concurrent.ThreadPoolExecutor$Worker.run(ThreadPoolExecutor.java:642)
    java.base@21.0.11/java.lang.Thread.runWith(Thread.java:1596)
    java.base@21.0.11/java.lang.Thread.run(Thread.java:1583)

  Thread[#31,canton-actor-system-scheduler-1,5,main] is-daemon=false state=TIMED_WAITING
    java.base@21.0.11/java.lang.Thread.sleep0(Native Method)
    java.base@21.0.11/java.lang.Thread.sleep(Thread.java:509)
    app//org.apache.pekko.actor.LightArrayRevolverScheduler.waitNanos(LightArrayRevolverScheduler.scala:121)
    app//org.apache.pekko.actor.LightArrayRevolverScheduler$$anon$3.nextTick(LightArrayRevolverScheduler.scala:314)
    app//org.apache.pekko.actor.LightArrayRevolverScheduler$$anon$3.run(LightArrayRevolverScheduler.scala:284)
    java.base@21.0.11/java.lang.Thread.runWith(Thread.java:1596)
    java.base@21.0.11/java.lang.Thread.run(Thread.java:1583)

  Thread[#88,delay-util-0,5,main] is-daemon=true state=WAITING
    java.base@21.0.11/jdk.internal.misc.Unsafe.park(Native Method)
    java.base@21.0.11/java.util.concurrent.locks.LockSupport.park(LockSupport.java:371)
    java.base@21.0.11/java.util.concurrent.locks.AbstractQueuedSynchronizer$ConditionNode.block(AbstractQueuedSynchronizer.java:519)
    java.base@21.0.11/java.util.concurrent.ForkJoinPool.unmanagedBlock(ForkJoinPool.java:3780)
    java.base@21.0.11/java.util.concurrent.ForkJoinPool.managedBlock(ForkJoinPool.java:3725)
    java.base@21.0.11/java.util.concurrent.locks.AbstractQueuedSynchronizer$ConditionObject.await(AbstractQueuedSynchronizer.java:1746)
    java.base@21.0.11/java.util.concurrent.ScheduledThreadPoolExecutor$DelayedWorkQueue.take(ScheduledThreadPoolExecutor.java:1170)
    java.base@21.0.11/java.util.concurrent.ScheduledThreadPoolExecutor$DelayedWorkQueue.take(ScheduledThreadPoolExecutor.java:899)
    java.base@21.0.11/java.util.concurrent.ThreadPoolExecutor.getTask(ThreadPoolExecutor.java:1070)
    java.base@21.0.11/java.util.concurrent.ThreadPoolExecutor.runWorker(ThreadPoolExecutor.java:1130)
    java.base@21.0.11/java.util.concurrent.ThreadPoolExecutor$Worker.run(ThreadPoolExecutor.java:642)
    java.base@21.0.11/java.lang.Thread.runWith(Thread.java:1596)
    java.base@21.0.11/java.lang.Thread.run(Thread.java:1583)

  Thread[#75,grpc-shared-destroyer-0,5,main] is-daemon=true state=WAITING
    java.base@21.0.11/jdk.internal.misc.Unsafe.park(Native Method)
    java.base@21.0.11/java.util.concurrent.locks.LockSupport.park(LockSupport.java:371)
    java.base@21.0.11/java.util.concurrent.locks.AbstractQueuedSynchronizer$ConditionNode.block(AbstractQueuedSynchronizer.java:519)
    java.base@21.0.11/java.util.concurrent.ForkJoinPool.unmanagedBlock(ForkJoinPool.java:3780)
    java.base@21.0.11/java.util.concurrent.ForkJoinPool.managedBlock(ForkJoinPool.java:3725)
    java.base@21.0.11/java.util.concurrent.locks.AbstractQueuedSynchronizer$ConditionObject.await(AbstractQueuedSynchronizer.java:1746)
    java.base@21.0.11/java.util.concurrent.ScheduledThreadPoolExecutor$DelayedWorkQueue.take(ScheduledThreadPoolExecutor.java:1170)
    java.base@21.0.11/java.util.concurrent.ScheduledThreadPoolExecutor$DelayedWorkQueue.take(ScheduledThreadPoolExecutor.java:899)
    java.base@21.0.11/java.util.concurrent.ThreadPoolExecutor.getTask(ThreadPoolExecutor.java:1070)
    java.base@21.0.11/java.util.concurrent.ThreadPoolExecutor.runWorker(ThreadPoolExecutor.java:1130)
    java.base@21.0.11/java.util.concurrent.ThreadPoolExecutor$Worker.run(ThreadPoolExecutor.java:642)
    java.base@21.0.11/java.lang.Thread.runWith(Thread.java:1596)
    java.base@21.0.11/java.lang.Thread.run(Thread.java:1583)

  Thread[#87,sandbox-Synchronizer__mysynchronizer_-main-wallclock-0,5,main] is-daemon=true state=WAITING
    java.base@21.0.11/jdk.internal.misc.Unsafe.park(Native Method)
    java.base@21.0.11/java.util.concurrent.locks.LockSupport.park(LockSupport.java:371)
    java.base@21.0.11/java.util.concurrent.locks.AbstractQueuedSynchronizer$ConditionNode.block(AbstractQueuedSynchronizer.java:519)
    java.base@21.0.11/java.util.concurrent.ForkJoinPool.unmanagedBlock(ForkJoinPool.java:3780)
    java.base@21.0.11/java.util.concurrent.ForkJoinPool.managedBlock(ForkJoinPool.java:3725)
    java.base@21.0.11/java.util.concurrent.locks.AbstractQueuedSynchronizer$ConditionObject.await(AbstractQueuedSynchronizer.java:1746)
    java.base@21.0.11/java.util.concurrent.ScheduledThreadPoolExecutor$DelayedWorkQueue.take(ScheduledThreadPoolExecutor.java:1170)
    java.base@21.0.11/java.util.concurrent.ScheduledThreadPoolExecutor$DelayedWorkQueue.take(ScheduledThreadPoolExecutor.java:899)
    java.base@21.0.11/java.util.concurrent.ThreadPoolExecutor.getTask(ThreadPoolExecutor.java:1070)
    java.base@21.0.11/java.util.concurrent.ThreadPoolExecutor.runWorker(ThreadPoolExecutor.java:1130)
    java.base@21.0.11/java.util.concurrent.ThreadPoolExecutor$Worker.run(ThreadPoolExecutor.java:642)
    java.base@21.0.11/java.lang.Thread.runWith(Thread.java:1596)
    java.base@21.0.11/java.lang.Thread.run(Thread.java:1583)

  Thread[#52,Timer-0,5,main] is-daemon=false state=WAITING
    java.base@21.0.11/java.lang.Object.wait0(Native Method)
    java.base@21.0.11/java.lang.Object.wait(Object.java:366)
    java.base@21.0.11/java.lang.Object.wait(Object.java:339)
    java.base@21.0.11/java.util.TimerThread.mainLoop(Timer.java:537)
    java.base@21.0.11/java.util.TimerThread.run(Timer.java:516)

  Thread[#30,canton-env-sched-0,5,main] is-daemon=true state=TIMED_WAITING
    java.base@21.0.11/jdk.internal.misc.Unsafe.park(Native Method)
    java.base@21.0.11/java.util.concurrent.locks.LockSupport.parkNanos(LockSupport.java:269)
    java.base@21.0.11/java.util.concurrent.locks.AbstractQueuedSynchronizer$ConditionObject.awaitNanos(AbstractQueuedSynchronizer.java:1797)
    java.base@21.0.11/java.util.concurrent.ScheduledThreadPoolExecutor$DelayedWorkQueue.take(ScheduledThreadPoolExecutor.java:1182)
    java.base@21.0.11/java.util.concurrent.ScheduledThreadPoolExecutor$DelayedWorkQueue.take(ScheduledThreadPoolExecutor.java:899)
    java.base@21.0.11/java.util.concurrent.ThreadPoolExecutor.getTask(ThreadPoolExecutor.java:1070)
    java.base@21.0.11/java.util.concurrent.ThreadPoolExecutor.runWorker(ThreadPoolExecutor.java:1130)
    java.base@21.0.11/java.util.concurrent.ThreadPoolExecutor$Worker.run(ThreadPoolExecutor.java:642)
    java.base@21.0.11/java.lang.Thread.runWith(Thread.java:1596)
    java.base@21.0.11/java.lang.Thread.run(Thread.java:1583)

  Thread[#53,pruning-0,5,main] is-daemon=true state=TIMED_WAITING
    java.base@21.0.11/jdk.internal.misc.Unsafe.park(Native Method)
    java.base@21.0.11/java.util.concurrent.locks.LockSupport.parkNanos(LockSupport.java:269)
    java.base@21.0.11/java.util.concurrent.locks.AbstractQueuedSynchronizer$ConditionObject.awaitNanos(AbstractQueuedSynchronizer.java:1797)
    java.base@21.0.11/java.util.concurrent.ScheduledThreadPoolExecutor$DelayedWorkQueue.take(ScheduledThreadPoolExecutor.java:1182)
    java.base@21.0.11/java.util.concurrent.ScheduledThreadPoolExecutor$DelayedWorkQueue.take(ScheduledThreadPoolExecutor.java:899)
    java.base@21.0.11/java.util.concurrent.ThreadPoolExecutor.getTask(ThreadPoolExecutor.java:1070)
    java.base@21.0.11/java.util.concurrent.ThreadPoolExecutor.runWorker(ThreadPoolExecutor.java:1130)
    java.base@21.0.11/java.util.concurrent.ThreadPoolExecutor$Worker.run(ThreadPoolExecutor.java:642)
    java.base@21.0.11/java.lang.Thread.runWith(Thread.java:1596)
    java.base@21.0.11/java.lang.Thread.run(Thread.java:1583)

  Thread[#94,input-mapping-pool-1,5,main] is-daemon=false state=WAITING
    java.base@21.0.11/jdk.internal.misc.Unsafe.park(Native Method)
    java.base@21.0.11/java.util.concurrent.locks.LockSupport.park(LockSupport.java:371)
    java.base@21.0.11/java.util.concurrent.locks.AbstractQueuedSynchronizer$ConditionNode.block(AbstractQueuedSynchronizer.java:519)
    java.base@21.0.11/java.util.concurrent.ForkJoinPool.unmanagedBlock(ForkJoinPool.java:3780)
    java.base@21.0.11/java.util.concurrent.ForkJoinPool.managedBlock(ForkJoinPool.java:3725)
    java.base@21.0.11/java.util.concurrent.locks.AbstractQueuedSynchronizer$ConditionObject.await(AbstractQueuedSynchronizer.java:1746)
    java.base@21.0.11/java.util.concurrent.LinkedBlockingQueue.take(LinkedBlockingQueue.java:435)
    java.base@21.0.11/java.util.concurrent.ThreadPoolExecutor.getTask(ThreadPoolExecutor.java:1070)
    java.base@21.0.11/java.util.concurrent.ThreadPoolExecutor.runWorker(ThreadPoolExecutor.java:1130)
    java.base@21.0.11/java.util.concurrent.ThreadPoolExecutor$Worker.run(ThreadPoolExecutor.java:642)
    java.base@21.0.11/java.lang.Thread.runWith(Thread.java:1596)
    java.base@21.0.11/java.lang.Thread.run(Thread.java:1583)

  Thread[#42,canton-env-ec-42,5,main] is-daemon=true state=WAITING
    java.base@21.0.11/jdk.internal.misc.Unsafe.park(Native Method)
    java.base@21.0.11/java.util.concurrent.locks.LockSupport.park(LockSupport.java:371)
    java.base@21.0.11/java.util.concurrent.ForkJoinPool.awaitWork(ForkJoinPool.java:1893)
    java.base@21.0.11/java.util.concurrent.ForkJoinPool.runWorker(ForkJoinPool.java:1809)
    java.base@21.0.11/java.util.concurrent.ForkJoinWorkerThread.run(ForkJoinWorkerThread.java:188)

  Thread[#48,daml.participant.api.index.db.threadpool.connection.api-server-0,5,main] is-daemon=false state=WAITING
    java.base@21.0.11/jdk.internal.misc.Unsafe.park(Native Method)
    java.base@21.0.11/java.util.concurrent.locks.LockSupport.park(LockSupport.java:371)
    java.base@21.0.11/java.util.concurrent.locks.AbstractQueuedSynchronizer$ConditionNode.block(AbstractQueuedSynchronizer.java:519)
    java.base@21.0.11/java.util.concurrent.ForkJoinPool.unmanagedBlock(ForkJoinPool.java:3780)
    java.base@21.0.11/java.util.concurrent.ForkJoinPool.managedBlock(ForkJoinPool.java:3725)
    java.base@21.0.11/java.util.concurrent.locks.AbstractQueuedSynchronizer$ConditionObject.await(AbstractQueuedSynchronizer.java:1746)
    java.base@21.0.11/java.util.concurrent.LinkedBlockingQueue.take(LinkedBlockingQueue.java:435)
    java.base@21.0.11/java.util.concurrent.ThreadPoolExecutor.getTask(ThreadPoolExecutor.java:1070)
    java.base@21.0.11/java.util.concurrent.ThreadPoolExecutor.runWorker(ThreadPoolExecutor.java:1130)
    java.base@21.0.11/java.util.concurrent.ThreadPoolExecutor$Worker.run(ThreadPoolExecutor.java:642)
    java.base@21.0.11/java.lang.Thread.runWith(Thread.java:1596)
    java.base@21.0.11/java.lang.Thread.run(Thread.java:1583)

  Thread[#108,ForkJoinPool.commonPool-worker-3,5,main] is-daemon=true state=TIMED_WAITING
    java.base@21.0.11/jdk.internal.misc.Unsafe.park(Native Method)
    java.base@21.0.11/java.util.concurrent.locks.LockSupport.parkUntil(LockSupport.java:449)
    java.base@21.0.11/java.util.concurrent.ForkJoinPool.awaitWork(ForkJoinPool.java:1891)
    java.base@21.0.11/java.util.concurrent.ForkJoinPool.runWorker(ForkJoinPool.java:1809)
    java.base@21.0.11/java.util.concurrent.ForkJoinWorkerThread.run(ForkJoinWorkerThread.java:188)

  Thread[#66,http-json-ledger-api-pekko.io.pinned-dispatcher-10,5,main] is-daemon=false state=RUNNABLE
    java.base@21.0.11/sun.nio.ch.KQueue.poll(Native Method)
    java.base@21.0.11/sun.nio.ch.KQueueSelectorImpl.doSelect(KQueueSelectorImpl.java:125)
    java.base@21.0.11/sun.nio.ch.SelectorImpl.lockAndDoSelect(SelectorImpl.java:130)
    java.base@21.0.11/sun.nio.ch.SelectorImpl.select(SelectorImpl.java:142)
    app//org.apache.pekko.io.SelectionHandler$ChannelRegistryImpl$$anon$2.tryRun(SelectionHandler.scala:163)
    app//org.apache.pekko.io.SelectionHandler$ChannelRegistryImpl$Task.run(SelectionHandler.scala:303)
    app//org.apache.pekko.io.SelectionHandler$ChannelRegistryImpl$$anon$2.run(SelectionHandler.scala:196)
    app//org.apache.pekko.util.SerializedSuspendableExecutionContext.run$1(SerializedSuspendableExecutionContext.scala:83)
    app//org.apache.pekko.util.SerializedSuspendableExecutionContext.run(SerializedSuspendableExecutionContext.scala:88)
    app//org.apache.pekko.dispatch.TaskInvocation.run(AbstractDispatcher.scala:59)
    java.base@21.0.11/java.util.concurrent.ThreadPoolExecutor.runWorker(ThreadPoolExecutor.java:1144)
    java.base@21.0.11/java.util.concurrent.ThreadPoolExecutor$Worker.run(ThreadPoolExecutor.java:642)
    java.base@21.0.11/java.lang.Thread.runWith(Thread.java:1596)
    java.base@21.0.11/java.lang.Thread.run(Thread.java:1583)

  Thread[#86,pruning-0,5,main] is-daemon=true state=TIMED_WAITING
    java.base@21.0.11/jdk.internal.misc.Unsafe.park(Native Method)
    java.base@21.0.11/java.util.concurrent.locks.LockSupport.parkNanos(LockSupport.java:269)
    java.base@21.0.11/java.util.concurrent.locks.AbstractQueuedSynchronizer$ConditionObject.awaitNanos(AbstractQueuedSynchronizer.java:1797)
    java.base@21.0.11/java.util.concurrent.ScheduledThreadPoolExecutor$DelayedWorkQueue.take(ScheduledThreadPoolExecutor.java:1182)
    java.base@21.0.11/java.util.concurrent.ScheduledThreadPoolExecutor$DelayedWorkQueue.take(ScheduledThreadPoolExecutor.java:899)
    java.base@21.0.11/java.util.concurrent.ThreadPoolExecutor.getTask(ThreadPoolExecutor.java:1070)
    java.base@21.0.11/java.util.concurrent.ThreadPoolExecutor.runWorker(ThreadPoolExecutor.java:1130)
    java.base@21.0.11/java.util.concurrent.ThreadPoolExecutor$Worker.run(ThreadPoolExecutor.java:642)
    java.base@21.0.11/java.lang.Thread.runWith(Thread.java:1596)
    java.base@21.0.11/java.lang.Thread.run(Thread.java:1583)

  Thread[#95,input-mapping-pool-2,5,main] is-daemon=false state=WAITING
    java.base@21.0.11/jdk.internal.misc.Unsafe.park(Native Method)
    java.base@21.0.11/java.util.concurrent.locks.LockSupport.park(LockSupport.java:371)
    java.base@21.0.11/java.util.concurrent.locks.AbstractQueuedSynchronizer$ConditionNode.block(AbstractQueuedSynchronizer.java:519)
    java.base@21.0.11/java.util.concurrent.ForkJoinPool.unmanagedBlock(ForkJoinPool.java:3780)
    java.base@21.0.11/java.util.concurrent.ForkJoinPool.managedBlock(ForkJoinPool.java:3725)
    java.base@21.0.11/java.util.concurrent.locks.AbstractQueuedSynchronizer$ConditionObject.await(AbstractQueuedSynchronizer.java:1746)
    java.base@21.0.11/java.util.concurrent.LinkedBlockingQueue.take(LinkedBlockingQueue.java:435)
    java.base@21.0.11/java.util.concurrent.ThreadPoolExecutor.getTask(ThreadPoolExecutor.java:1070)
    java.base@21.0.11/java.util.concurrent.ThreadPoolExecutor.runWorker(ThreadPoolExecutor.java:1130)
    java.base@21.0.11/java.util.concurrent.ThreadPoolExecutor$Worker.run(ThreadPoolExecutor.java:642)
    java.base@21.0.11/java.lang.Thread.runWith(Thread.java:1596)
    java.base@21.0.11/java.lang.Thread.run(Thread.java:1583)

  Thread[#80,grpc-nio-worker-ELG-3-8,5,main] is-daemon=true state=RUNNABLE
    java.base@21.0.11/sun.nio.ch.KQueue.poll(Native Method)
    java.base@21.0.11/sun.nio.ch.KQueueSelectorImpl.doSelect(KQueueSelectorImpl.java:125)
    java.base@21.0.11/sun.nio.ch.SelectorImpl.lockAndDoSelect(SelectorImpl.java:130)
    java.base@21.0.11/sun.nio.ch.SelectorImpl.select(SelectorImpl.java:142)
    app//io.grpc.netty.shaded.io.netty.channel.nio.SelectedSelectionKeySetSelector.select(SelectedSelectionKeySetSelector.java:62)
    app//io.grpc.netty.shaded.io.netty.channel.nio.NioEventLoop.select(NioEventLoop.java:891)
    app//io.grpc.netty.shaded.io.netty.channel.nio.NioEventLoop.run(NioEventLoop.java:526)
    app//io.grpc.netty.shaded.io.netty.util.concurrent.SingleThreadEventExecutor$4.run(SingleThreadEventExecutor.java:998)
    app//io.grpc.netty.shaded.io.netty.util.internal.ThreadExecutorMap$2.run(ThreadExecutorMap.java:74)
    app//io.grpc.netty.shaded.io.netty.util.concurrent.FastThreadLocalRunnable.run(FastThreadLocalRunnable.java:30)
    java.base@21.0.11/java.lang.Thread.runWith(Thread.java:1596)
    java.base@21.0.11/java.lang.Thread.run(Thread.java:1583)

  Thread[#38,BatchSpanProcessor_WorkerThread-1,5,main] is-daemon=true state=TIMED_WAITING
    java.base@21.0.11/jdk.internal.misc.Unsafe.park(Native Method)
    java.base@21.0.11/java.util.concurrent.locks.LockSupport.parkNanos(LockSupport.java:269)
    java.base@21.0.11/java.util.concurrent.locks.AbstractQueuedSynchronizer$ConditionObject.awaitNanos(AbstractQueuedSynchronizer.java:1797)
    java.base@21.0.11/java.util.concurrent.ArrayBlockingQueue.poll(ArrayBlockingQueue.java:435)
    app//io.opentelemetry.sdk.trace.export.BatchSpanProcessor$Worker.run(BatchSpanProcessor.java:266)
    java.base@21.0.11/java.lang.Thread.runWith(Thread.java:1596)
    java.base@21.0.11/java.lang.Thread.run(Thread.java:1583)

  Thread[#40,grpc-nio-boss-ELG-1-1,5,main] is-daemon=true state=RUNNABLE
    java.base@21.0.11/sun.nio.ch.KQueue.poll(Native Method)
    java.base@21.0.11/sun.nio.ch.KQueueSelectorImpl.doSelect(KQueueSelectorImpl.java:125)
    java.base@21.0.11/sun.nio.ch.SelectorImpl.lockAndDoSelect(SelectorImpl.java:130)
    java.base@21.0.11/sun.nio.ch.SelectorImpl.select(SelectorImpl.java:147)
    app//io.grpc.netty.shaded.io.netty.channel.nio.SelectedSelectionKeySetSelector.select(SelectedSelectionKeySetSelector.java:68)
    app//io.grpc.netty.shaded.io.netty.channel.nio.NioEventLoop.select(NioEventLoop.java:887)
    app//io.grpc.netty.shaded.io.netty.channel.nio.NioEventLoop.run(NioEventLoop.java:526)
    app//io.grpc.netty.shaded.io.netty.util.concurrent.SingleThreadEventExecutor$4.run(SingleThreadEventExecutor.java:998)
    app//io.grpc.netty.shaded.io.netty.util.internal.ThreadExecutorMap$2.run(ThreadExecutorMap.java:74)
    app//io.grpc.netty.shaded.io.netty.util.concurrent.FastThreadLocalRunnable.run(FastThreadLocalRunnable.java:30)
    java.base@21.0.11/java.lang.Thread.runWith(Thread.java:1596)
    java.base@21.0.11/java.lang.Thread.run(Thread.java:1583)

  Thread[#39,canton-env-ec-39,5,main] is-daemon=true state=WAITING
    java.base@21.0.11/jdk.internal.misc.Unsafe.park(Native Method)
    java.base@21.0.11/java.util.concurrent.locks.LockSupport.parkNanos(LockSupport.java:269)
    java.base@21.0.11/java.util.concurrent.locks.AbstractQueuedSynchronizer.acquire(AbstractQueuedSynchronizer.java:790)
    java.base@21.0.11/java.util.concurrent.locks.AbstractQueuedSynchronizer.tryAcquireSharedNanos(AbstractQueuedSynchronizer.java:1160)
    java.base@21.0.11/java.util.concurrent.CountDownLatch.await(CountDownLatch.java:276)
    app//io.grpc.internal.ManagedChannelImpl.awaitTermination(ManagedChannelImpl.java:807)
    app//io.grpc.internal.ForwardingManagedChannel.awaitTermination(ForwardingManagedChannel.java:57)
    app//com.digitalasset.canton.lifecycle.LifeCycle$FastCloseableChannel.$anonfun$close$15(LifeCycle.scala:126)
    app//com.digitalasset.canton.lifecycle.LifeCycle$FastCloseableChannel.$anonfun$close$15$adapted(LifeCycle.scala:126)
    app//com.digitalasset.canton.lifecycle.LifeCycle$FastCloseableChannel$$Lambda/0x0000007002c31058.apply(Unknown Source)
    app//com.digitalasset.canton.lifecycle.LifeCycle$.com$digitalasset$canton$lifecycle$LifeCycle$$forceShutdownResource(LifeCycle.scala:215)
    app//com.digitalasset.canton.lifecycle.LifeCycle$FastCloseableChannel.close(LifeCycle.scala:129)
    app//com.digitalasset.canton.lifecycle.LifeCycle$.$anonfun$close$1(LifeCycle.scala:46)
    app//com.digitalasset.canton.lifecycle.LifeCycle$$$Lambda/0x0000007002c30a98.apply$mcV$sp(Unknown Source)
    app//scala.runtime.java8.JFunction0$mcV$sp.apply(JFunction0$mcV$sp.scala:18)
    app//scala.util.Try$.apply(Try.scala:217)
    app//com.digitalasset.canton.lifecycle.LifeCycle$.stopSingle$1(LifeCycle.scala:46)
    app//com.digitalasset.canton.lifecycle.LifeCycle$.$anonfun$close$7(LifeCycle.scala:61)
    app//com.digitalasset.canton.lifecycle.LifeCycle$$$Lambda/0x0000007002c304e8.apply(Unknown Source)
    app//scala.collection.immutable.ArraySeq.foldLeft(ArraySeq.scala:222)
    app//com.digitalasset.canton.lifecycle.LifeCycle$.close(LifeCycle.scala:60)
    app//com.digitalasset.canton.networking.grpc.GrpcManagedChannel.onFirstClose(GrpcManagedChannel.scala:41)
    app//com.digitalasset.canton.lifecycle.OnShutdownRunner.close(OnShutdownRunner.scala:60)
    app//com.digitalasset.canton.lifecycle.OnShutdownRunner.close$(OnShutdownRunner.scala:51)
    app//com.digitalasset.canton.networking.grpc.GrpcManagedChannel.close(GrpcManagedChannel.scala:43)
    app//com.digitalasset.canton.networking.grpc.GrpcManagedChannel$$anon$1.run(GrpcManagedChannel.scala:35)
    app//com.digitalasset.canton.lifecycle.OnShutdownRunner.$anonfun$runTaskUnlessDone$1(OnShutdownRunner.scala:38)
    app//com.digitalasset.canton.lifecycle.OnShutdownRunner$$Lambda/0x0000007002f40a48.apply$mcV$sp(Unknown Source)
    app//scala.runtime.java8.JFunction0$mcV$sp.apply(JFunction0$mcV$sp.scala:18)
    app//scala.util.Try$.apply(Try.scala:217)
    app//com.digitalasset.canton.lifecycle.OnShutdownRunner.runTaskUnlessDone(OnShutdownRunner.scala:38)
    app//com.digitalasset.canton.lifecycle.OnShutdownRunner.runTaskUnlessDone$(OnShutdownRunner.scala:33)
    app//com.digitalasset.canton.sequencing.client.transports.GrpcSequencerClientAuth.runTaskUnlessDone(GrpcSequencerClientAuth.scala:39)
    app//com.digitalasset.canton.lifecycle.OnShutdownRunner.$anonfun$runOnShutdownTasks$1(OnShutdownRunner.scala:44)
    app//com.digitalasset.canton.lifecycle.OnShutdownRunner.$anonfun$runOnShutdownTasks$1$adapted(OnShutdownRunner.scala:44)
    app//com.digitalasset.canton.lifecycle.OnShutdownRunner$$Lambda/0x0000007001e8a2a8.apply(Unknown Source)
    app//scala.collection.IterableOnceOps.foreach(IterableOnce.scala:619)
    app//scala.collection.IterableOnceOps.foreach$(IterableOnce.scala:617)
    app//com.digitalasset.canton.util.TwoPhasePriorityAccumulator$DrainingIterator.foreach(TwoPhasePriorityAccumulator.scala:155)
    app//com.digitalasset.canton.lifecycle.OnShutdownRunner.runOnShutdownTasks(OnShutdownRunner.scala:44)
    app//com.digitalasset.canton.lifecycle.OnShutdownRunner.close(OnShutdownRunner.scala:58)
    app//com.digitalasset.canton.lifecycle.OnShutdownRunner.close$(OnShutdownRunner.scala:51)
    app//com.digitalasset.canton.sequencing.client.transports.GrpcSequencerClientAuth.com$digitalasset$canton$lifecycle$FlagCloseable$$super$close(GrpcSequencerClientAuth.scala:39)
    app//com.digitalasset.canton.lifecycle.FlagCloseable.close(FlagCloseable.scala:30)
    app//com.digitalasset.canton.lifecycle.FlagCloseable.close$(FlagCloseable.scala:30)
    app//com.digitalasset.canton.sequencing.client.transports.GrpcSequencerClientAuth.close(GrpcSequencerClientAuth.scala:39)
    app//com.digitalasset.canton.lifecycle.LifeCycle$.$anonfun$close$1(LifeCycle.scala:46)
    app//com.digitalasset.canton.lifecycle.LifeCycle$$$Lambda/0x0000007002c30a98.apply$mcV$sp(Unknown Source)
    app//scala.runtime.java8.JFunction0$mcV$sp.apply(JFunction0$mcV$sp.scala:18)
    app//scala.util.Try$.apply(Try.scala:217)
    app//com.digitalasset.canton.lifecycle.LifeCycle$.stopSingle$1(LifeCycle.scala:46)
    app//com.digitalasset.canton.lifecycle.LifeCycle$.$anonfun$close$7(LifeCycle.scala:61)
    app//com.digitalasset.canton.lifecycle.LifeCycle$$$Lambda/0x0000007002c304e8.apply(Unknown Source)
    app//scala.collection.immutable.ArraySeq.foldLeft(ArraySeq.scala:222)
    app//com.digitalasset.canton.lifecycle.LifeCycle$.close(LifeCycle.scala:60)
    app//com.digitalasset.canton.sequencing.GrpcSequencerConnectionX.onClosed(GrpcSequencerConnectionX.scala:85)
    app//com.digitalasset.canton.lifecycle.PerformUnlessClosing.onFirstClose(PerformUnlessClosing.scala:65)
    app//com.digitalasset.canton.lifecycle.PerformUnlessClosing.onFirstClose$(PerformUnlessClosing.scala:60)
    app//com.digitalasset.canton.sequencing.GrpcSequencerConnectionX.onFirstClose(GrpcSequencerConnectionX.scala:60)
    app//com.digitalasset.canton.lifecycle.OnShutdownRunner.close(OnShutdownRunner.scala:60)
    app//com.digitalasset.canton.lifecycle.OnShutdownRunner.close$(OnShutdownRunner.scala:51)
    app//com.digitalasset.canton.sequencing.GrpcSequencerConnectionX.com$digitalasset$canton$lifecycle$FlagCloseable$$super$close(GrpcSequencerConnectionX.scala:60)
    app//com.digitalasset.canton.lifecycle.FlagCloseable.close(FlagCloseable.scala:30)
    app//com.digitalasset.canton.lifecycle.FlagCloseable.close$(FlagCloseable.scala:30)
    app//com.digitalasset.canton.sequencing.GrpcSequencerConnectionX.close(GrpcSequencerConnectionX.scala:60)
    app//com.digitalasset.canton.sequencing.GrpcInternalSequencerConnectionX.$anonfun$fatal$3(GrpcInternalSequencerConnectionX.scala:242)
    app//com.digitalasset.canton.sequencing.GrpcInternalSequencerConnectionX.$anonfun$fatal$3$adapted(GrpcInternalSequencerConnectionX.scala:242)
    app//com.digitalasset.canton.sequencing.GrpcInternalSequencerConnectionX$$Lambda/0x00000070035807a0.apply(Unknown Source)
    app//scala.Option.foreach(Option.scala:437)
    app//com.digitalasset.canton.sequencing.GrpcInternalSequencerConnectionX.$anonfun$fatal$1(GrpcInternalSequencerConnectionX.scala:242)
    app//com.digitalasset.canton.sequencing.GrpcInternalSequencerConnectionX$$Lambda/0x0000007003579118.apply$mcV$sp(Unknown Source)
    app//scala.runtime.java8.JFunction0$mcV$sp.apply(JFunction0$mcV$sp.scala:18)
    app//com.digitalasset.canton.util.Mutex.runAndUnlock$1(Mutex.scala:22)
    app//com.digitalasset.canton.util.Mutex.exclusive(Mutex.scala:27)
    app//com.digitalasset.canton.sequencing.GrpcInternalSequencerConnectionX.fatal(GrpcInternalSequencerConnectionX.scala:231)
    app//com.digitalasset.canton.sequencing.GrpcSequencerConnectionX.fatal(GrpcSequencerConnectionX.scala:82)
    app//com.digitalasset.canton.sequencing.SequencerSubscriptionX.giveUp(SequencerSubscriptionX.scala:199)
    app//com.digitalasset.canton.sequencing.SequencerSubscriptionX.$anonfun$start$4(SequencerSubscriptionX.scala:129)
    app//com.digitalasset.canton.sequencing.SequencerSubscriptionX.$anonfun$start$4$adapted(SequencerSubscriptionX.scala:88)
    app//com.digitalasset.canton.sequencing.SequencerSubscriptionX$$Lambda/0x0000007003025818.apply(Unknown Source)
    app//scala.concurrent.impl.Promise$Transformation.run(Promise.scala:484)
    app//com.daml.executors.QueueAwareExecutorService$TrackingRunnable.run(QueueAwareExecutorService.scala:98)
    java.base@21.0.11/java.util.concurrent.ForkJoinTask$RunnableExecuteAction.exec(ForkJoinTask.java:1423)
    java.base@21.0.11/java.util.concurrent.ForkJoinTask.doExec(ForkJoinTask.java:387)
    java.base@21.0.11/java.util.concurrent.ForkJoinPool$WorkQueue.topLevelExec(ForkJoinPool.java:1312)
    java.base@21.0.11/java.util.concurrent.ForkJoinPool.scan(ForkJoinPool.java:1843)
    java.base@21.0.11/java.util.concurrent.ForkJoinPool.runWorker(ForkJoinPool.java:1808)
    java.base@21.0.11/java.util.concurrent.ForkJoinWorkerThread.run(ForkJoinWorkerThread.java:188)

  Thread[#41,canton-env-ec-41,5,main] is-daemon=true state=WAITING
    java.base@21.0.11/jdk.internal.misc.Unsafe.park(Native Method)
    java.base@21.0.11/java.util.concurrent.locks.LockSupport.park(LockSupport.java:371)
    java.base@21.0.11/java.util.concurrent.ForkJoinPool.awaitWork(ForkJoinPool.java:1893)
    java.base@21.0.11/java.util.concurrent.ForkJoinPool.runWorker(ForkJoinPool.java:1809)
    java.base@21.0.11/java.util.concurrent.ForkJoinWorkerThread.run(ForkJoinWorkerThread.java:188)

  Thread[#51,party-added-timeout-timer,5,main] is-daemon=true state=WAITING
    java.base@21.0.11/java.lang.Object.wait0(Native Method)
    java.base@21.0.11/java.lang.Object.wait(Object.java:366)
    java.base@21.0.11/java.lang.Object.wait(Object.java:339)
    java.base@21.0.11/java.util.TimerThread.mainLoop(Timer.java:537)
    java.base@21.0.11/java.util.TimerThread.run(Timer.java:516)

  Thread[#72,canton-env-ec-72,5,main] is-daemon=true state=WAITING
    java.base@21.0.11/jdk.internal.misc.Unsafe.park(Native Method)
    java.base@21.0.11/java.util.concurrent.locks.LockSupport.park(LockSupport.java:371)
    java.base@21.0.11/java.util.concurrent.ForkJoinPool.awaitWork(ForkJoinPool.java:1893)
    java.base@21.0.11/java.util.concurrent.ForkJoinPool.runWorker(ForkJoinPool.java:1809)
    java.base@21.0.11/java.util.concurrent.ForkJoinWorkerThread.run(ForkJoinWorkerThread.java:188)

  Thread[#109,grpc-default-executor-1,5,main] is-daemon=true state=TIMED_WAITING
    java.base@21.0.11/java.lang.Thread.ensureMaterializedForStackWalk(Native Method)
    java.base@21.0.11/java.lang.Thread.runWith(Thread.java:1595)
    java.base@21.0.11/java.lang.Thread.run(Thread.java:1583)

  Thread[#37,canton-env-ec-37,5,main] is-daemon=true state=WAITING
    java.base@21.0.11/jdk.internal.misc.Unsafe.park(Native Method)
    java.base@21.0.11/java.util.concurrent.locks.LockSupport.park(LockSupport.java:371)
    java.base@21.0.11/java.util.concurrent.ForkJoinPool.awaitWork(ForkJoinPool.java:1893)
    java.base@21.0.11/java.util.concurrent.ForkJoinPool.runWorker(ForkJoinPool.java:1809)
    java.base@21.0.11/java.util.concurrent.ForkJoinWorkerThread.run(ForkJoinWorkerThread.java:188)

  Thread[#100,DestroyJavaVM,5,main] is-daemon=false state=RUNNABLE
  Thread[#43,canton-env-ec-43,5,main] is-daemon=true state=WAITING
    java.base@21.0.11/jdk.internal.misc.Unsafe.park(Native Method)
    java.base@21.0.11/java.util.concurrent.locks.LockSupport.park(LockSupport.java:371)
    java.base@21.0.11/java.util.concurrent.ForkJoinPool.awaitWork(ForkJoinPool.java:1893)
    java.base@21.0.11/java.util.concurrent.ForkJoinPool.runWorker(ForkJoinPool.java:1809)
    java.base@21.0.11/java.util.concurrent.ForkJoinWorkerThread.run(ForkJoinWorkerThread.java:188)

  Thread[#90,input-mapping-pool-0,5,main] is-daemon=false state=WAITING
    java.base@21.0.11/jdk.internal.misc.Unsafe.park(Native Method)
    java.base@21.0.11/java.util.concurrent.locks.LockSupport.park(LockSupport.java:371)
    java.base@21.0.11/java.util.concurrent.locks.AbstractQueuedSynchronizer$ConditionNode.block(AbstractQueuedSynchronizer.java:519)
    java.base@21.0.11/java.util.concurrent.ForkJoinPool.unmanagedBlock(ForkJoinPool.java:3780)
    java.base@21.0.11/java.util.concurrent.ForkJoinPool.managedBlock(ForkJoinPool.java:3725)
    java.base@21.0.11/java.util.concurrent.locks.AbstractQueuedSynchronizer$ConditionObject.await(AbstractQueuedSynchronizer.java:1746)
    java.base@21.0.11/java.util.concurrent.LinkedBlockingQueue.take(LinkedBlockingQueue.java:435)
    java.base@21.0.11/java.util.concurrent.ThreadPoolExecutor.getTask(ThreadPoolExecutor.java:1070)
    java.base@21.0.11/java.util.concurrent.ThreadPoolExecutor.runWorker(ThreadPoolExecutor.java:1130)
    java.base@21.0.11/java.util.concurrent.ThreadPoolExecutor$Worker.run(ThreadPoolExecutor.java:642)
    java.base@21.0.11/java.lang.Thread.runWith(Thread.java:1596)
    java.base@21.0.11/java.lang.Thread.run(Thread.java:1583)

  Thread[#97,batching-pool-2,5,main] is-daemon=false state=WAITING
    java.base@21.0.11/jdk.internal.misc.Unsafe.park(Native Method)
    java.base@21.0.11/java.util.concurrent.locks.LockSupport.park(LockSupport.java:371)
    java.base@21.0.11/java.util.concurrent.locks.AbstractQueuedSynchronizer$ConditionNode.block(AbstractQueuedSynchronizer.java:519)
    java.base@21.0.11/java.util.concurrent.ForkJoinPool.unmanagedBlock(ForkJoinPool.java:3780)
    java.base@21.0.11/java.util.concurrent.ForkJoinPool.managedBlock(ForkJoinPool.java:3725)
    java.base@21.0.11/java.util.concurrent.locks.AbstractQueuedSynchronizer$ConditionObject.await(AbstractQueuedSynchronizer.java:1746)
    java.base@21.0.11/java.util.concurrent.LinkedBlockingQueue.take(LinkedBlockingQueue.java:435)
    java.base@21.0.11/java.util.concurrent.ThreadPoolExecutor.getTask(ThreadPoolExecutor.java:1070)
    java.base@21.0.11/java.util.concurrent.ThreadPoolExecutor.runWorker(ThreadPoolExecutor.java:1130)
    java.base@21.0.11/java.util.concurrent.ThreadPoolExecutor$Worker.run(ThreadPoolExecutor.java:642)
    java.base@21.0.11/java.lang.Thread.runWith(Thread.java:1596)
    java.base@21.0.11/java.lang.Thread.run(Thread.java:1583)

  Thread[#84,mediator1-mysynchronizer__12204a455d07_____34-0-main-wallclock-0,5,main] is-daemon=true state=WAITING
    java.base@21.0.11/jdk.internal.misc.Unsafe.park(Native Method)
    java.base@21.0.11/java.util.concurrent.locks.LockSupport.park(LockSupport.java:371)
    java.base@21.0.11/java.util.concurrent.locks.AbstractQueuedSynchronizer$ConditionNode.block(AbstractQueuedSynchronizer.java:519)
    java.base@21.0.11/java.util.concurrent.ForkJoinPool.unmanagedBlock(ForkJoinPool.java:3780)
    java.base@21.0.11/java.util.concurrent.ForkJoinPool.managedBlock(ForkJoinPool.java:3725)
    java.base@21.0.11/java.util.concurrent.locks.AbstractQueuedSynchronizer$ConditionObject.await(AbstractQueuedSynchronizer.java:1746)
    java.base@21.0.11/java.util.concurrent.ScheduledThreadPoolExecutor$DelayedWorkQueue.take(ScheduledThreadPoolExecutor.java:1170)
    java.base@21.0.11/java.util.concurrent.ScheduledThreadPoolExecutor$DelayedWorkQueue.take(ScheduledThreadPoolExecutor.java:899)
    java.base@21.0.11/java.util.concurrent.ThreadPoolExecutor.getTask(ThreadPoolExecutor.java:1070)
    java.base@21.0.11/java.util.concurrent.ThreadPoolExecutor.runWorker(ThreadPoolExecutor.java:1130)
    java.base@21.0.11/java.util.concurrent.ThreadPoolExecutor$Worker.run(ThreadPoolExecutor.java:642)
    java.base@21.0.11/java.lang.Thread.runWith(Thread.java:1596)
    java.base@21.0.11/java.lang.Thread.run(Thread.java:1583)

  Thread[#10,Finalizer,8,system] is-daemon=true state=WAITING
    java.base@21.0.11/java.lang.Object.wait0(Native Method)
    java.base@21.0.11/java.lang.Object.wait(Object.java:366)
    java.base@21.0.11/java.lang.Object.wait(Object.java:339)
    java.base@21.0.11/java.lang.ref.NativeReferenceQueue.await(NativeReferenceQueue.java:48)
    java.base@21.0.11/java.lang.ref.ReferenceQueue.remove0(ReferenceQueue.java:158)
    java.base@21.0.11/java.lang.ref.NativeReferenceQueue.remove(NativeReferenceQueue.java:89)
    java.base@21.0.11/java.lang.ref.Finalizer$FinalizerThread.run(Finalizer.java:173)

  Thread[#79,grpc-nio-worker-ELG-3-7,5,main] is-daemon=true state=RUNNABLE
    java.base@21.0.11/sun.nio.ch.KQueue.poll(Native Method)
    java.base@21.0.11/sun.nio.ch.KQueueSelectorImpl.doSelect(KQueueSelectorImpl.java:125)
    java.base@21.0.11/sun.nio.ch.SelectorImpl.lockAndDoSelect(SelectorImpl.java:130)
    java.base@21.0.11/sun.nio.ch.SelectorImpl.select(SelectorImpl.java:142)
    app//io.grpc.netty.shaded.io.netty.channel.nio.SelectedSelectionKeySetSelector.select(SelectedSelectionKeySetSelector.java:62)
    app//io.grpc.netty.shaded.io.netty.channel.nio.NioEventLoop.select(NioEventLoop.java:891)
    app//io.grpc.netty.shaded.io.netty.channel.nio.NioEventLoop.run(NioEventLoop.java:526)
    app//io.grpc.netty.shaded.io.netty.util.concurrent.SingleThreadEventExecutor$4.run(SingleThreadEventExecutor.java:998)
    app//io.grpc.netty.shaded.io.netty.util.internal.ThreadExecutorMap$2.run(ThreadExecutorMap.java:74)
    app//io.grpc.netty.shaded.io.netty.util.concurrent.FastThreadLocalRunnable.run(FastThreadLocalRunnable.java:30)
    java.base@21.0.11/java.lang.Thread.runWith(Thread.java:1596)
    java.base@21.0.11/java.lang.Thread.run(Thread.java:1583)

  Thread[#69,grpc-nio-worker-ELG-3-2,5,main] is-daemon=true state=RUNNABLE
    java.base@21.0.11/sun.nio.ch.KQueue.poll(Native Method)
    java.base@21.0.11/sun.nio.ch.KQueueSelectorImpl.doSelect(KQueueSelectorImpl.java:125)
    java.base@21.0.11/sun.nio.ch.SelectorImpl.lockAndDoSelect(SelectorImpl.java:130)
    java.base@21.0.11/sun.nio.ch.SelectorImpl.select(SelectorImpl.java:142)
    app//io.grpc.netty.shaded.io.netty.channel.nio.SelectedSelectionKeySetSelector.select(SelectedSelectionKeySetSelector.java:62)
    app//io.grpc.netty.shaded.io.netty.channel.nio.NioEventLoop.select(NioEventLoop.java:891)
    app//io.grpc.netty.shaded.io.netty.channel.nio.NioEventLoop.run(NioEventLoop.java:526)
    app//io.grpc.netty.shaded.io.netty.util.concurrent.SingleThreadEventExecutor$4.run(SingleThreadEventExecutor.java:998)
    app//io.grpc.netty.shaded.io.netty.util.internal.ThreadExecutorMap$2.run(ThreadExecutorMap.java:74)
    app//io.grpc.netty.shaded.io.netty.util.concurrent.FastThreadLocalRunnable.run(FastThreadLocalRunnable.java:30)
    java.base@21.0.11/java.lang.Thread.runWith(Thread.java:1596)
    java.base@21.0.11/java.lang.Thread.run(Thread.java:1583)

  Thread[#34,canton-env-ec-34,5,main] is-daemon=true state=RUNNABLE
    app//scala.collection.StrictOptimizedIterableOps.map(StrictOptimizedIterableOps.scala:88)
    app//scala.collection.StrictOptimizedIterableOps.map$(StrictOptimizedIterableOps.scala:87)
    app//scala.collection.immutable.Set$Set4.map(Set.scala:295)
    app//com.digitalasset.canton.logging.pretty.PrettyInstances.treeOfIterable(PrettyInstances.scala:108)
    app//com.digitalasset.canton.logging.pretty.PrettyInstances.$anonfun$prettySet$1(PrettyInstances.scala:80)
    app//com.digitalasset.canton.logging.pretty.PrettyInstances$$Lambda/0x0000007001a45d98.treeOf(Unknown Source)
    app//com.digitalasset.canton.logging.pretty.Pretty$PrettyOps.toTree(Pretty.scala:73)
    app//com.digitalasset.canton.logging.pretty.PrettyUtil.$anonfun$param$1(PrettyUtil.scala:71)
    app//com.digitalasset.canton.logging.pretty.PrettyUtil$$Lambda/0x0000007001227440.apply(Unknown Source)
    app//com.digitalasset.canton.logging.pretty.PrettyUtil.$anonfun$conditionalParam$1(PrettyUtil.scala:88)
    app//com.digitalasset.canton.logging.pretty.PrettyUtil$$Lambda/0x0000007001226078.apply(Unknown Source)
    app//com.digitalasset.canton.logging.pretty.PrettyUtil.$anonfun$prettyOfClass$2(PrettyUtil.scala:41)
    app//com.digitalasset.canton.logging.pretty.PrettyUtil$$Lambda/0x0000007001720000.apply(Unknown Source)
    app//scala.PartialFunction$Unlifted.applyOrElse(PartialFunction.scala:347)
    app//scala.collection.StrictOptimizedIterableOps.collect(StrictOptimizedIterableOps.scala:151)
    app//scala.collection.StrictOptimizedIterableOps.collect$(StrictOptimizedIterableOps.scala:136)
    app//scala.collection.immutable.ArraySeq.collect(ArraySeq.scala:35)
    app//cats.instances.SeqInstances$$anon$2.mapFilter(seq.scala:188)
    app//cats.instances.SeqInstances$$anon$2.mapFilter(seq.scala:184)
    app//cats.FunctorFilter$Ops.mapFilter(FunctorFilter.scala:132)
    app//cats.FunctorFilter$Ops.mapFilter$(FunctorFilter.scala:132)
    app//cats.FunctorFilter$ToFunctorFilterOps$$anon$2.mapFilter(FunctorFilter.scala:144)
    app//com.digitalasset.canton.logging.pretty.PrettyUtil.$anonfun$prettyOfClass$1(PrettyUtil.scala:41)
    app//com.digitalasset.canton.logging.pretty.PrettyUtil$$Lambda/0x0000007001226448.treeOf(Unknown Source)
    app//com.digitalasset.canton.logging.pretty.PrettyInstances.$anonfun$prettyPrettyPrinting$1(PrettyInstances.scala:48)
    app//com.digitalasset.canton.logging.pretty.PrettyInstances$$Lambda/0x0000007001225a88.treeOf(Unknown Source)
    app//com.digitalasset.canton.logging.pretty.Pretty$PrettyOps.toTree(Pretty.scala:73)
    app//com.digitalasset.canton.logging.pretty.PrettyUtil.$anonfun$param$1(PrettyUtil.scala:71)
    app//com.digitalasset.canton.logging.pretty.PrettyUtil$$Lambda/0x0000007001227440.apply(Unknown Source)
    app//com.digitalasset.canton.logging.pretty.PrettyUtil.$anonfun$conditionalParam$1(PrettyUtil.scala:88)
    app//com.digitalasset.canton.logging.pretty.PrettyUtil$$Lambda/0x0000007001226078.apply(Unknown Source)
    app//com.digitalasset.canton.logging.pretty.PrettyUtil.$anonfun$prettyOfClass$2(PrettyUtil.scala:41)
    app//com.digitalasset.canton.logging.pretty.PrettyUtil$$Lambda/0x0000007001720000.apply(Unknown Source)
    app//scala.PartialFunction$Unlifted.applyOrElse(PartialFunction.scala:347)
    app//scala.collection.StrictOptimizedIterableOps.collect(StrictOptimizedIterableOps.scala:151)
    app//scala.collection.StrictOptimizedIterableOps.collect$(StrictOptimizedIterableOps.scala:136)
    app//scala.collection.immutable.ArraySeq.collect(ArraySeq.scala:35)
    app//cats.instances.SeqInstances$$anon$2.mapFilter(seq.scala:188)
    app//cats.instances.SeqInstances$$anon$2.mapFilter(seq.scala:184)
    app//cats.FunctorFilter$Ops.mapFilter(FunctorFilter.scala:132)
    app//cats.FunctorFilter$Ops.mapFilter$(FunctorFilter.scala:132)
    app//cats.FunctorFilter$ToFunctorFilterOps$$anon$2.mapFilter(FunctorFilter.scala:144)
    app//com.digitalasset.canton.logging.pretty.PrettyUtil.$anonfun$prettyOfClass$1(PrettyUtil.scala:41)
    app//com.digitalasset.canton.logging.pretty.PrettyUtil$$Lambda/0x0000007001226448.treeOf(Unknown Source)
    app//com.digitalasset.canton.logging.pretty.PrettyInstances.$anonfun$prettyPrettyPrinting$1(PrettyInstances.scala:48)
    app//com.digitalasset.canton.logging.pretty.PrettyInstances$$Lambda/0x0000007001225a88.treeOf(Unknown Source)
    app//com.digitalasset.canton.logging.pretty.Pretty$PrettyOps.toTree(Pretty.scala:73)
    app//com.digitalasset.canton.logging.pretty.PrettyUtil.$anonfun$param$1(PrettyUtil.scala:71)
    app//com.digitalasset.canton.logging.pretty.PrettyUtil$$Lambda/0x0000007001227440.apply(Unknown Source)
    app//com.digitalasset.canton.logging.pretty.PrettyUtil.$anonfun$conditionalParam$1(PrettyUtil.scala:88)
    app//com.digitalasset.canton.logging.pretty.PrettyUtil$$Lambda/0x0000007001226078.apply(Unknown Source)
    app//com.digitalasset.canton.logging.pretty.PrettyUtil.$anonfun$prettyOfClass$2(PrettyUtil.scala:41)
    app//com.digitalasset.canton.logging.pretty.PrettyUtil$$Lambda/0x0000007001720000.apply(Unknown Source)
    app//scala.PartialFunction$Unlifted.applyOrElse(PartialFunction.scala:347)
    app//scala.collection.StrictOptimizedIterableOps.collect(StrictOptimizedIterableOps.scala:151)
    app//scala.collection.StrictOptimizedIterableOps.collect$(StrictOptimizedIterableOps.scala:136)
    app//scala.collection.immutable.ArraySeq.collect(ArraySeq.scala:35)
    app//cats.instances.SeqInstances$$anon$2.mapFilter(seq.scala:188)
    app//cats.instances.SeqInstances$$anon$2.mapFilter(seq.scala:184)
    app//cats.FunctorFilter$Ops.mapFilter(FunctorFilter.scala:132)
    app//cats.FunctorFilter$Ops.mapFilter$(FunctorFilter.scala:132)
    app//cats.FunctorFilter$ToFunctorFilterOps$$anon$2.mapFilter(FunctorFilter.scala:144)
    app//com.digitalasset.canton.logging.pretty.PrettyUtil.$anonfun$prettyOfClass$1(PrettyUtil.scala:41)
    app//com.digitalasset.canton.logging.pretty.PrettyUtil$$Lambda/0x0000007001226448.treeOf(Unknown Source)
    app//com.digitalasset.canton.logging.pretty.PrettyInstances.$anonfun$prettyPrettyPrinting$1(PrettyInstances.scala:48)
    app//com.digitalasset.canton.logging.pretty.PrettyInstances$$Lambda/0x0000007001225a88.treeOf(Unknown Source)
    app//com.digitalasset.canton.logging.pretty.Pretty$PrettyOps.toTree(Pretty.scala:73)
    app//com.digitalasset.canton.logging.pretty.PrettyInstances.$anonfun$prettyOption$1(PrettyInstances.scala:90)
    app//com.digitalasset.canton.logging.pretty.PrettyInstances$$Lambda/0x0000007002e6ef08.treeOf(Unknown Source)
    app//com.digitalasset.canton.logging.pretty.Pretty$PrettyOps.toTree(Pretty.scala:73)
    app//com.digitalasset.canton.logging.pretty.PrettyUtil.$anonfun$param$1(PrettyUtil.scala:71)
    app//com.digitalasset.canton.logging.pretty.PrettyUtil$$Lambda/0x0000007001227440.apply(Unknown Source)
    app//com.digitalasset.canton.logging.pretty.PrettyUtil.$anonfun$conditionalParam$1(PrettyUtil.scala:88)
    app//com.digitalasset.canton.logging.pretty.PrettyUtil$$Lambda/0x0000007001226078.apply(Unknown Source)
    app//com.digitalasset.canton.logging.pretty.PrettyUtil.$anonfun$prettyOfClass$2(PrettyUtil.scala:41)
    app//com.digitalasset.canton.logging.pretty.PrettyUtil$$Lambda/0x0000007001720000.apply(Unknown Source)
    app//scala.PartialFunction$Unlifted.applyOrElse(PartialFunction.scala:347)
    app//scala.collection.StrictOptimizedIterableOps.collect(StrictOptimizedIterableOps.scala:151)
    app//scala.collection.StrictOptimizedIterableOps.collect$(StrictOptimizedIterableOps.scala:136)
    app//scala.collection.immutable.ArraySeq.collect(ArraySeq.scala:35)
    app//cats.instances.SeqInstances$$anon$2.mapFilter(seq.scala:188)
    app//cats.instances.SeqInstances$$anon$2.mapFilter(seq.scala:184)
    app//cats.FunctorFilter$Ops.mapFilter(FunctorFilter.scala:132)
    app//cats.FunctorFilter$Ops.mapFilter$(FunctorFilter.scala:132)
    app//cats.FunctorFilter$ToFunctorFilterOps$$anon$2.mapFilter(FunctorFilter.scala:144)
    app//com.digitalasset.canton.logging.pretty.PrettyUtil.$anonfun$prettyOfClass$1(PrettyUtil.scala:41)
    app//com.digitalasset.canton.logging.pretty.PrettyUtil$$Lambda/0x0000007001226448.treeOf(Unknown Source)
    app//com.digitalasset.canton.logging.pretty.Pretty$PrettyOps.toTree(Pretty.scala:73)
    app//com.digitalasset.canton.logging.pretty.Pretty$PrettyOps.toPrettyString(Pretty.scala:61)
    app//com.digitalasset.canton.logging.pretty.PrettyPrinting.toString(PrettyPrinting.scala:27)
    app//com.digitalasset.canton.logging.pretty.PrettyPrinting.toString$(PrettyPrinting.scala:25)
    app//com.digitalasset.canton.sequencing.GrpcInternalSequencerConnectionX.toString(GrpcInternalSequencerConnectionX.scala:57)
    app//com.digitalasset.canton.lifecycle.LifeCycle$.stopSingle$1(LifeCycle.scala:44)
    app//com.digitalasset.canton.lifecycle.LifeCycle$.$anonfun$close$7(LifeCycle.scala:61)
    app//com.digitalasset.canton.lifecycle.LifeCycle$$$Lambda/0x0000007002c304e8.apply(Unknown Source)
    app//scala.collection.LinearSeqOps.foldLeft(LinearSeq.scala:183)
    app//scala.collection.LinearSeqOps.foldLeft$(LinearSeq.scala:179)
    app//scala.collection.immutable.List.foldLeft(List.scala:79)
    app//com.digitalasset.canton.lifecycle.LifeCycle$.close(LifeCycle.scala:60)
    app//com.digitalasset.canton.sequencing.SequencerConnectionXPoolImpl.onClosed(SequencerConnectionXPoolImpl.scala:548)
    app//com.digitalasset.canton.lifecycle.PerformUnlessClosing.onFirstClose(PerformUnlessClosing.scala:65)
    app//com.digitalasset.canton.lifecycle.PerformUnlessClosing.onFirstClose$(PerformUnlessClosing.scala:60)
    app//com.digitalasset.canton.sequencing.SequencerConnectionXPoolImpl.onFirstClose(SequencerConnectionXPoolImpl.scala:57)
    app//com.digitalasset.canton.lifecycle.OnShutdownRunner.close(OnShutdownRunner.scala:60)
    app//com.digitalasset.canton.lifecycle.OnShutdownRunner.close$(OnShutdownRunner.scala:51)
    app//com.digitalasset.canton.sequencing.SequencerConnectionXPoolImpl.com$digitalasset$canton$lifecycle$FlagCloseable$$super$close(SequencerConnectionXPoolImpl.scala:57)
    app//com.digitalasset.canton.lifecycle.FlagCloseable.close(FlagCloseable.scala:30)
    app//com.digitalasset.canton.lifecycle.FlagCloseable.close$(FlagCloseable.scala:30)
    app//com.digitalasset.canton.sequencing.SequencerConnectionXPoolImpl.close(SequencerConnectionXPoolImpl.scala:57)
    app//com.digitalasset.canton.sequencing.client.RichSequencerClientImpl.$anonfun$closeAsync$4(SequencerClient.scala:1957)
    app//com.digitalasset.canton.sequencing.client.RichSequencerClientImpl$$Lambda/0x0000007003579c10.apply$mcV$sp(Unknown Source)
    app//com.digitalasset.canton.lifecycle.SyncCloseable.close(FlagCloseableAsync.scala:65)
    app//com.digitalasset.canton.lifecycle.LifeCycle$.$anonfun$close$1(LifeCycle.scala:46)
    app//com.digitalasset.canton.lifecycle.LifeCycle$$$Lambda/0x0000007002c30a98.apply$mcV$sp(Unknown Source)
    app//scala.runtime.java8.JFunction0$mcV$sp.apply(JFunction0$mcV$sp.scala:18)
    app//scala.util.Try$.apply(Try.scala:217)
    app//com.digitalasset.canton.lifecycle.LifeCycle$.stopSingle$1(LifeCycle.scala:46)
    app//com.digitalasset.canton.lifecycle.LifeCycle$.$anonfun$close$7(LifeCycle.scala:61)
    app//com.digitalasset.canton.lifecycle.LifeCycle$$$Lambda/0x0000007002c304e8.apply(Unknown Source)
    app//scala.collection.LinearSeqOps.foldLeft(LinearSeq.scala:183)
    app//scala.collection.LinearSeqOps.foldLeft$(LinearSeq.scala:179)
    app//scala.collection.immutable.List.foldLeft(List.scala:79)
    app//com.digitalasset.canton.lifecycle.LifeCycle$.close(LifeCycle.scala:60)
    app//com.digitalasset.canton.lifecycle.FlagCloseableAsync.onClosed(FlagCloseableAsync.scala:23)
    app//com.digitalasset.canton.lifecycle.FlagCloseableAsync.onClosed$(FlagCloseableAsync.scala:23)
    app//com.digitalasset.canton.sequencing.client.SequencerClientImpl.onClosed(SequencerClient.scala:229)
    app//com.digitalasset.canton.lifecycle.PerformUnlessClosing.onFirstClose(PerformUnlessClosing.scala:65)
    app//com.digitalasset.canton.lifecycle.PerformUnlessClosing.onFirstClose$(PerformUnlessClosing.scala:60)
    app//com.digitalasset.canton.sequencing.client.SequencerClientImpl.onFirstClose(SequencerClient.scala:229)
    app//com.digitalasset.canton.lifecycle.OnShutdownRunner.close(OnShutdownRunner.scala:60)
    app//com.digitalasset.canton.lifecycle.OnShutdownRunner.close$(OnShutdownRunner.scala:51)
    app//com.digitalasset.canton.sequencing.client.SequencerClientImpl.com$digitalasset$canton$lifecycle$FlagCloseable$$super$close(SequencerClient.scala:229)
    app//com.digitalasset.canton.lifecycle.FlagCloseable.close(FlagCloseable.scala:30)
    app//com.digitalasset.canton.lifecycle.FlagCloseable.close$(FlagCloseable.scala:30)
    app//com.digitalasset.canton.sequencing.client.SequencerClientImpl.close(SequencerClient.scala:229)
    app//com.digitalasset.canton.sequencing.client.RichSequencerClientImpl.$anonfun$subscribeAfterInternal$31(SequencerClient.scala:1449)
    app//com.digitalasset.canton.sequencing.client.RichSequencerClientImpl.$anonfun$subscribeAfterInternal$31$adapted(SequencerClient.scala:1445)
    app//com.digitalasset.canton.sequencing.client.RichSequencerClientImpl$$Lambda/0x000000700301acc8.apply(Unknown Source)
    app//scala.concurrent.impl.Promise$Transformation.run(Promise.scala:484)
    app//com.daml.executors.QueueAwareExecutorService$TrackingRunnable.run(QueueAwareExecutorService.scala:98)
    java.base@21.0.11/java.util.concurrent.ForkJoinTask$RunnableExecuteAction.exec(ForkJoinTask.java:1423)
    java.base@21.0.11/java.util.concurrent.ForkJoinTask.doExec(ForkJoinTask.java:387)
    java.base@21.0.11/java.util.concurrent.ForkJoinPool$WorkQueue.topLevelExec(ForkJoinPool.java:1312)
    java.base@21.0.11/java.util.concurrent.ForkJoinPool.scan(ForkJoinPool.java:1843)
    java.base@21.0.11/java.util.concurrent.ForkJoinPool.runWorker(ForkJoinPool.java:1808)
    java.base@21.0.11/java.util.concurrent.ForkJoinWorkerThread.run(ForkJoinWorkerThread.java:188)

  Thread[#47,DataSourceConnectionProvider-api-server#healthPoller,5,main] is-daemon=true state=TIMED_WAITING
    java.base@21.0.11/java.lang.Object.wait0(Native Method)
    java.base@21.0.11/java.lang.Object.wait(Object.java:366)
    java.base@21.0.11/java.util.TimerThread.mainLoop(Timer.java:563)
    java.base@21.0.11/java.util.TimerThread.run(Timer.java:516)

  Thread[#11,Signal Dispatcher,9,system] is-daemon=true state=RUNNABLE
  Thread[#81,sequencer1-wallclock-0,5,main] is-daemon=true state=TIMED_WAITING
    java.base@21.0.11/jdk.internal.misc.Unsafe.park(Native Method)
    java.base@21.0.11/java.util.concurrent.locks.LockSupport.parkNanos(LockSupport.java:269)
    java.base@21.0.11/java.util.concurrent.locks.AbstractQueuedSynchronizer$ConditionObject.awaitNanos(AbstractQueuedSynchronizer.java:1797)
    java.base@21.0.11/java.util.concurrent.ScheduledThreadPoolExecutor$DelayedWorkQueue.take(ScheduledThreadPoolExecutor.java:1182)
    java.base@21.0.11/java.util.concurrent.ScheduledThreadPoolExecutor$DelayedWorkQueue.take(ScheduledThreadPoolExecutor.java:899)
    java.base@21.0.11/java.util.concurrent.ThreadPoolExecutor.getTask(ThreadPoolExecutor.java:1070)
    java.base@21.0.11/java.util.concurrent.ThreadPoolExecutor.runWorker(ThreadPoolExecutor.java:1130)
    java.base@21.0.11/java.util.concurrent.ThreadPoolExecutor$Worker.run(ThreadPoolExecutor.java:642)
    java.base@21.0.11/java.lang.Thread.runWith(Thread.java:1596)
    java.base@21.0.11/java.lang.Thread.run(Thread.java:1583)

2026-08-26 12:47:55,638 [canton-env-ec-34] INFO  c.d.c.h.DelegatingMutableHealthComponent:participant=sandbox/psid=mysynchronizer::12204a455d07::34-0 - 'sequencer-client' is now in state Failed(Disconnected from synchronizer). Previous state was Not Initialized.
2026-08-26 12:47:55,639 [canton-env-ec-34] INFO  c.d.c.h.DelegatingMutableHealthComponent:participant=sandbox/psid=mysynchronizer::12204a455d07::34-0 - 'sequencer-client' is now in state Failed(Disconnected from synchronizer). Previous state was Failed(Component is closed).
2026-08-26 12:47:55,639 [canton-env-ec-34] INFO  c.d.c.h.MutableHealthComponent:participant=sandbox - 'sequencer-client' is now in state Failed(Disconnected from synchronizer). Previous state was Failed(Component is closed).
2026-08-26 12:47:55,639 [canton-env-ec-34] INFO  c.d.c.h.MutableHealthComponent:participant=sandbox - 'sequencer-client' is now in state Failed(Disconnected from synchronizer). Previous state was Failed(Component is closed).
2026-08-26 12:47:55,640 [Thread-0] INFO  c.d.canton.CantonEnterpriseApp$ - Shutting down...
2026-08-26 12:47:55,642 [Thread-0] INFO  c.d.canton.environment.Environment - Closing environment...
2026-08-26 12:47:55,654 [canton-env-ec-39] INFO  c.d.c.n.g.ApiRequestLogger:participant=sandbox tid:0603c23acafdd72aa4398388078721ff - Request c.d.l.a.v.UpdateService/GetUpdates by /127.0.0.1:61926: cancelled
2026-08-26 12:47:55,660 [canton-env-ec-34] INFO  c.d.c.p.LifeCycleContainer:participant=sandbox - Closing current ledger-api-server (com.digitalasset.canton.participant.ledger.api.LedgerApiServer@3d947abd)
2026-08-26 12:47:55,661 [canton-env-ec-35] INFO  c.d.c.h.HttpService:participant=sandbox - Stopping JSON API server..., context: {instance_uuid -> '2ec6ac16-726c-4988-bb25-722a5e1cdef2'}
2026-08-26 12:47:55,676 [http-json-ledger-api-pekko.actor.default-dispatcher-21] INFO  o.a.pekko.actor.CoordinatedShutdown - Running CoordinatedShutdown with reason [ActorSystemTerminateReason]
2026-08-26 12:47:55,690 [canton-env-ec-42] INFO  c.d.c.p.l.a.LedgerApiServer:participant=sandbox - JSON-API HTTP Server is released
2026-08-26 12:47:55,691 [canton-env-ec-39] INFO  c.d.c.p.l.a.LedgerApiServer:participant=sandbox - JSON-API gRPC channel is released
2026-08-26 12:47:55,694 [canton-env-ec-72] INFO  c.d.c.p.a.LedgerApiService$:participant=sandbox - GrpcServer released
2026-08-26 12:47:55,695 [canton-env-ec-37] INFO  c.d.c.p.a.s.c.CommandServiceImpl:participant=sandbox - Shutting down Command Service.
2026-08-26 12:47:55,695 [canton-env-ec-37] INFO  c.d.c.p.a.ApiServicesBundle:participant=sandbox - Successfully closed all API services
2026-08-26 12:47:55,695 [canton-env-ec-35] INFO  c.d.c.p.a.ApiServiceOwner$:participant=sandbox - LedgerApiService is released
2026-08-26 12:47:55,697 [canton-env-ec-39] INFO  c.d.c.p.a.ApiServiceOwner$:participant=sandbox - ExecutionSequencerFactory is released for LedgerApiService
2026-08-26 12:47:55,697 [canton-env-ec-42] INFO  c.d.c.p.l.a.LedgerApiServer:participant=sandbox - ReadApiServiceExecutionContext released
2026-08-26 12:47:55,699 [canton-env-ec-41] INFO  c.d.c.p.l.a.LedgerApiServer:participant=sandbox - ContractLoader released
2026-08-26 12:47:55,699 [canton-env-ec-34] INFO  c.d.c.p.LifeCycleContainer:participant=sandbox - Closed current ledger-api-server (com.digitalasset.canton.participant.ledger.api.LedgerApiServer@3d947abd)
2026-08-26 12:47:55,699 [canton-env-ec-34] INFO  c.d.c.p.s.ParticipantPruningScheduler:participant=sandbox - Stopping scheduler
2026-08-26 12:47:55,699 [canton-env-ec-34] INFO  c.d.c.p.s.ParticipantPruningScheduler:participant=sandbox - Stopped scheduler
2026-08-26 12:47:55,699 [canton-env-ec-34] INFO  c.d.c.s.SchedulersImpl:participant=sandbox - Stopped 1 scheduler(s)
2026-08-26 12:47:55,705 [canton-env-ec-34] INFO  c.d.c.p.s.ConnectedSynchronizer:participant=sandbox/psid=mysynchronizer::12204a455d07::34-0 - 'connected-synchronizer' is now in state Failed(Disconnected from synchronizer). Previous state was Ok().
2026-08-26 12:47:55,705 [canton-env-ec-34] INFO  c.d.c.h.MutableHealthComponent:participant=sandbox - 'connected-synchronizer' is now in state Failed(Disconnected from synchronizer). Previous state was Ok().
2026-08-26 12:47:55,705 [canton-env-ec-34] INFO  c.d.c.h.MutableHealthComponent:participant=sandbox - 'connected-synchronizer' is now in state Failed(Disconnected from synchronizer). Previous state was Ok().
2026-08-26 12:47:55,706 [canton-env-ec-34] INFO  c.d.c.p.p.AcsCommitmentProcessor:participant=sandbox/psid=mysynchronizer::12204a455d07::34-0 - 'acs-commitment-processor' is now in state Failed(Disconnected from synchronizer). Previous state was Ok().
2026-08-26 12:47:55,706 [canton-env-ec-34] INFO  c.d.c.h.MutableHealthComponent:participant=sandbox - 'acs-commitment-processor' is now in state Failed(Disconnected from synchronizer). Previous state was Ok().
2026-08-26 12:47:55,707 [canton-env-ec-34] INFO  c.d.c.h.MutableHealthComponent:participant=sandbox - 'acs-commitment-processor' is now in state Failed(Disconnected from synchronizer). Previous state was Ok().
2026-08-26 12:47:55,711 [canton-env-ec-34] INFO  c.d.c.p.s.SyncEphemeralState:participant=sandbox/psid=mysynchronizer::12204a455d07::34-0 - 'sync-ephemeral-state' is now in state Failed(Disconnected from synchronizer). Previous state was Ok().
2026-08-26 12:47:55,711 [canton-env-ec-34] INFO  c.d.c.h.MutableHealthComponent:participant=sandbox - 'sync-ephemeral-state' is now in state Failed(Disconnected from synchronizer). Previous state was Ok().
2026-08-26 12:47:55,711 [canton-env-ec-34] INFO  c.d.c.h.MutableHealthComponent:participant=sandbox - 'sync-ephemeral-state' is now in state Failed(Disconnected from synchronizer). Previous state was Ok().
2026-08-26 12:47:55,714 [canton-env-ec-34] INFO  c.d.c.h.MutableHealthComponent:participant=sandbox - 'connected-synchronizer' is now in state Failed(Component is closed). Previous state was Failed(Disconnected from synchronizer).
2026-08-26 12:47:55,714 [canton-env-ec-34] INFO  c.d.c.h.MutableHealthComponent:participant=sandbox - 'connected-synchronizer' is now in state Failed(Component is closed). Previous state was Failed(Disconnected from synchronizer).
2026-08-26 12:47:55,714 [canton-env-ec-34] INFO  c.d.c.h.MutableHealthComponent:participant=sandbox - 'sync-ephemeral-state' is now in state Failed(Component is closed). Previous state was Failed(Disconnected from synchronizer).
2026-08-26 12:47:55,714 [canton-env-ec-34] INFO  c.d.c.h.MutableHealthComponent:participant=sandbox - 'sync-ephemeral-state' is now in state Failed(Component is closed). Previous state was Failed(Disconnected from synchronizer).
2026-08-26 12:47:55,715 [canton-env-ec-34] INFO  c.d.c.h.MutableHealthComponent:participant=sandbox - 'sequencer-client' is now in state Failed(Component is closed). Previous state was Failed(Disconnected from synchronizer).
2026-08-26 12:47:55,715 [canton-env-ec-34] INFO  c.d.c.h.MutableHealthComponent:participant=sandbox - 'sequencer-client' is now in state Failed(Component is closed). Previous state was Failed(Disconnected from synchronizer).
2026-08-26 12:47:55,716 [canton-env-ec-34] INFO  c.d.c.h.MutableHealthComponent:participant=sandbox - 'acs-commitment-processor' is now in state Failed(Component is closed). Previous state was Failed(Disconnected from synchronizer).
2026-08-26 12:47:55,716 [canton-env-ec-34] INFO  c.d.c.h.MutableHealthComponent:participant=sandbox - 'acs-commitment-processor' is now in state Failed(Component is closed). Previous state was Failed(Disconnected from synchronizer).
2026-08-26 12:47:55,716 [canton-env-ec-34] INFO  c.d.c.p.LifeCycleContainer:participant=sandbox - Closing current indexer (com.digitalasset.canton.participant.ledger.api.LedgerApiIndexer@7fc7ed1a)
2026-08-26 12:47:55,726 [canton-env-ec-39] INFO  c.d.c.u.PekkoUtil$RecoveringFutureQueueImpl:participant=sandbox - Before shutting down, preventing further initialization retries...
2026-08-26 12:47:55,727 [Timer-0] INFO  c.d.c.u.PekkoUtil$RecoveringFutureQueueImpl:participant=sandbox - Shutdown initiated
2026-08-26 12:47:55,727 [Timer-0] INFO  c.d.c.u.PekkoUtil$RecoveringFutureQueueImpl:participant=sandbox - Consumer shutdown initiated
2026-08-26 12:47:55,744 [canton-env-ec-39] INFO  c.d.c.p.i.p.ParallelIndexerFactory$:participant=sandbox - Indexing finished.
2026-08-26 12:47:55,744 [canton-env-ec-72] INFO  c.d.c.u.PekkoUtil$RecoveringFutureQueueImpl:participant=sandbox - Consumer successfully terminated
2026-08-26 12:47:55,744 [canton-env-ec-72] INFO  c.d.c.u.PekkoUtil$RecoveringFutureQueueImpl:participant=sandbox - Terminated (consumer terminated), shutdown complete
2026-08-26 12:47:55,745 [canton-env-ec-39] INFO  c.d.c.p.i.IndexerState:participant=sandbox - IndexerState stopped successfully
2026-08-26 12:47:55,747 [canton-env-ec-41] INFO  c.d.c.p.DispatcherState:participant=sandbox - Shutting down Ledger API offset dispatcher state.
2026-08-26 12:47:55,752 [canton-env-ec-41] INFO  c.d.c.p.DispatcherState:participant=sandbox - Ledger API offset dispatcher shutdown.
2026-08-26 12:47:55,752 [canton-env-ec-41] INFO  c.d.c.p.l.a.LedgerApiIndexer$:participant=sandbox - Ledger API Indexer stopped.
2026-08-26 12:47:55,752 [canton-env-ec-34] INFO  c.d.c.p.LifeCycleContainer:participant=sandbox - Closed current indexer (com.digitalasset.canton.participant.ledger.api.LedgerApiIndexer@7fc7ed1a)
2026-08-26 12:47:55,753 [canton-env-ec-36] INFO  com.zaxxer.hikari.HikariDataSource - daml.index.db.connection.api-server - Shutdown initiated...
2026-08-26 12:47:55,754 [canton-env-ec-36] INFO  com.zaxxer.hikari.HikariDataSource - daml.index.db.connection.api-server - Shutdown completed.
2026-08-26 12:47:55,754 [canton-env-ec-36] INFO  c.d.c.p.s.d.DbDispatcher$:participant=sandbox - [api-server] DbDispatcher released
2026-08-26 12:47:55,762 [canton-env-ec-34] INFO  c.d.c.c.Crypto:participant=sandbox - 'crypto' is now in state Failed(Component is closed). Previous state was Ok().
2026-08-26 12:47:55,763 [canton-env-ec-34] INFO  c.d.c.c.p.j.JcePrivateCrypto:participant=sandbox - 'jce-private-crypto' is now in state Failed(Component is closed). Previous state was Ok().
2026-08-26 12:47:55,763 [canton-env-ec-34] INFO  c.d.c.r.MemoryStorage:participant=sandbox - 'memory_storage' is now in state Failed(Component is closed). Previous state was Ok().
2026-08-26 12:47:55,763 [canton-env-ec-34] INFO  c.d.c.p.EnterpriseParticipantNodeBootstrapFactory$$anon$1:participant=sandbox - 'participant' is now in state ServingStatus(status = 'NOT_SERVING'). Previous state was ServingStatus(status = 'SERVING').
2026-08-26 12:47:55,763 [canton-env-ec-34] INFO  c.d.c.s.m.MediatorPruningScheduler:mediator=mediator1/psid=mysynchronizer::12204a455d07::34-0 - Stopping scheduler
2026-08-26 12:47:55,763 [canton-env-ec-34] INFO  c.d.c.s.m.MediatorPruningScheduler:mediator=mediator1/psid=mysynchronizer::12204a455d07::34-0 - Stopped scheduler
2026-08-26 12:47:55,764 [canton-env-ec-34] INFO  c.d.c.s.SequencerSubscriptionPoolImpl:mediator=mediator1/psid=mysynchronizer::12204a455d07::34-0 - 'sequencer-subscription-pool' is now in state Failed(Component is closed). Previous state was Ok().
2026-08-26 12:47:55,765 [canton-env-ec-34] INFO  c.d.c.h.DelegatingMutableHealthComponent:mediator=mediator1/psid=mysynchronizer::12204a455d07::34-0 - 'sequencer-client' is now in state Failed(Component is closed). Previous state was Ok().
2026-08-26 12:47:55,765 [canton-env-ec-34] INFO  c.d.c.h.MutableHealthComponent:mediator=mediator1 - 'sequencer-client' is now in state Failed(Component is closed). Previous state was Ok().
2026-08-26 12:47:55,765 [canton-env-ec-34] INFO  c.d.c.s.SequencerSubscriptionX:mediator=mediator1/psid=mysynchronizer::12204a455d07::34-0/connection=sequencer-connection-sequencer1-0 - 'subscription-sequencer-connection-sequencer1-0' is now in state Failed(Component is closed). Previous state was Ok().
2026-08-26 12:47:55,765 [canton-env-ec-34] INFO  c.d.c.s.SequencerConnectionXPoolImpl:mediator=mediator1/psid=mysynchronizer::12204a455d07::34-0/pool=main - 'sequencer-connection-pool' is now in state Failed(Component is closed). Previous state was Ok().
2026-08-26 12:47:55,766 [canton-env-ec-34] INFO  c.d.c.s.GrpcInternalSequencerConnectionX:mediator=mediator1/psid=mysynchronizer::12204a455d07::34-0/pool=main/connection=sequencer1-0 - 'internal-sequencer-connection-sequencer1-0' is now in state Fatal(Closed). Previous state was Validated.
2026-08-26 12:47:55,766 [canton-env-ec-34] INFO  c.d.c.s.GrpcConnectionX:mediator=mediator1/psid=mysynchronizer::12204a455d07::34-0/pool=main/connection=sequencer1-0 - 'connection-sequencer1-0' is now in state Stopped. Previous state was Started.
2026-08-26 12:47:55,766 [canton-env-ec-42] INFO  c.d.c.s.c.t.GrpcSequencerSubscription:mediator=mediator1/psid=mysynchronizer::12204a455d07::34-0/pool=main/connection=connection-sequencer1-0 - gRPC subscription successfully closed due to client shutdown.
2026-08-26 12:47:55,766 [canton-env-ec-72] INFO  c.d.c.n.g.ApiRequestLogger:sequencer=sequencer1 tid:d27fcfd532620f7770da8e36fe48a6e4 - Request c.d.c.s.a.v.SequencerService/Subscribe by /127.0.0.1:61935: cancelled
2026-08-26 12:47:55,766 [canton-env-ec-42] INFO  c.d.c.n.g.ApiRequestLogger:sequencer=sequencer1 tid:951027892110cdf160e2f8ead2820745 - Request grpc.health.v1.Health/Watch by /127.0.0.1:61935: cancelled
2026-08-26 12:47:55,766 [canton-env-ec-72] INFO  c.d.c.s.s.s.GrpcSequencerService:sequencer=sequencer1 - Subscription cancelled by client MED::mediator1::1220769fb9eaede76e1d39955f2d3dbde690eff15a4d35f5f2670373c91007854f0a.
2026-08-26 12:47:55,767 [canton-env-ec-41] INFO  c.d.c.s.s.s.SubscriptionPool:sequencer=sequencer1 - Removed subscription of MED::mediator1::1220769fb9ea..., now active=0
2026-08-26 12:47:55,768 [canton-env-ec-34] INFO  c.d.c.h.DelegatingMutableHealthComponent:mediator=mediator1/psid=mysynchronizer::12204a455d07::34-0 - 'sequencer-client' is now in state Failed(Disconnected from synchronizer). Previous state was Not Initialized.
2026-08-26 12:47:55,769 [canton-env-ec-34] INFO  c.d.c.h.DelegatingMutableHealthComponent:mediator=mediator1/psid=mysynchronizer::12204a455d07::34-0 - 'sequencer-client' is now in state Failed(Disconnected from synchronizer). Previous state was Failed(Component is closed).
2026-08-26 12:47:55,769 [canton-env-ec-34] INFO  c.d.c.h.MutableHealthComponent:mediator=mediator1 - 'sequencer-client' is now in state Failed(Disconnected from synchronizer). Previous state was Failed(Component is closed).
2026-08-26 12:47:55,770 [canton-env-ec-34] INFO  c.d.c.r.MemoryStorage:mediator=mediator1 - 'memory_storage' is now in state Failed(Component is closed). Previous state was Ok().
2026-08-26 12:47:55,770 [canton-env-ec-34] INFO  c.d.c.s.m.EnterpriseMediatorNodeBootstrapFactory$$anon$1:mediator=mediator1 - 'mediator' is now in state ServingStatus(status = 'NOT_SERVING'). Previous state was ServingStatus(status = 'SERVING').
2026-08-26 12:47:55,770 [canton-env-ec-34] INFO  c.d.c.h.MutableHealthComponent:mediator=mediator1 - 'sequencer-client' is now in state Failed(Component is closed). Previous state was Failed(Disconnected from synchronizer).
2026-08-26 12:47:55,771 [canton-env-ec-34] INFO  c.d.c.c.Crypto:mediator=mediator1 - 'crypto' is now in state Failed(Component is closed). Previous state was Ok().
2026-08-26 12:47:55,771 [canton-env-ec-34] INFO  c.d.c.c.p.j.JcePrivateCrypto:mediator=mediator1 - 'jce-private-crypto' is now in state Failed(Component is closed). Previous state was Ok().
2026-08-26 12:47:55,774 [canton-env-ec-42] INFO  c.d.c.s.s.DirectSequencerClientTransport:sequencer=sequencer1 - 'direct-sequencer-client-transport' is now in state Failed(Component is closed). Previous state was Ok().
2026-08-26 12:47:55,774 [canton-env-ec-42] INFO  c.d.c.s.SequencerAggregatorPekko:sequencer=sequencer1 - 'sequencer-subscription-mysynchronizer::12204a455d07...::34-0' is now in state Failed(Component is closed). Previous state was Ok().
2026-08-26 12:47:55,775 [canton-env-ec-42] INFO  c.d.c.s.SequencerAggregatorPekko:sequencer=sequencer1 - 'sequencer-subscription-mysynchronizer::12204a455d07...::34-0' is now in state Failed(Disconnected from synchronizer mysynchronizer::12204a455d07...::34-0). Previous state was Failed(Component is closed).
2026-08-26 12:47:55,776 [canton-env-ec-34] INFO  c.d.c.s.s.b.BlockSequencer:sequencer=sequencer1/psid=mysynchronizer::12204a455d07::34-0 - 'sequencer' is now in state SequencerHealthStatus(active = false, details = Sequencer is closed). Previous state was SequencerHealthStatus(active = true).
2026-08-26 12:47:55,776 [canton-env-ec-34] INFO  c.d.c.s.s.SequencerRuntime:sequencer=sequencer1/psid=mysynchronizer::12204a455d07::34-0 - Sequencer is healthy
2026-08-26 12:47:55,776 [canton-env-ec-34] INFO  c.d.c.h.MutableHealthQuasiComponent:sequencer=sequencer1 - 'sequencer' is now in state SequencerHealthStatus(active = false, details = Sequencer is closed). Previous state was SequencerHealthStatus(active = true).
2026-08-26 12:47:55,776 [canton-env-ec-34] INFO  c.d.c.s.s.SequencerNodeBootstrap:sequencer=sequencer1 - 'sequencer-health-check-service' is now in state ServingStatus(status = 'NOT_SERVING'). Previous state was ServingStatus(status = 'SERVING').
2026-08-26 12:47:55,780 [canton-env-ec-34] INFO  c.d.c.r.MemoryStorage:sequencer=sequencer1/psid=mysynchronizer::12204a455d07::34-0 - 'memory_storage' is now in state Failed(Component is closed). Previous state was Ok().
2026-08-26 12:47:55,782 [canton-env-ec-34] INFO  c.d.c.c.Crypto:sequencer=sequencer1 - 'crypto' is now in state Failed(Component is closed). Previous state was Ok().
2026-08-26 12:47:55,782 [canton-env-ec-34] INFO  c.d.c.c.p.j.JcePrivateCrypto:sequencer=sequencer1 - 'jce-private-crypto' is now in state Failed(Component is closed). Previous state was Ok().
2026-08-26 12:47:55,782 [canton-env-ec-34] INFO  c.d.c.r.MemoryStorage:sequencer=sequencer1 - 'memory_storage' is now in state Failed(Component is closed). Previous state was Ok().
2026-08-26 12:47:55,782 [canton-env-ec-34] INFO  c.d.c.s.s.SequencerNodeBootstrap:sequencer=sequencer1 - 'sequencer' is now in state ServingStatus(status = 'NOT_SERVING'). Previous state was ServingStatus(status = 'SERVING').
2026-08-26 12:47:55,784 [canton-env-ec-41] INFO  o.a.pekko.actor.CoordinatedShutdown - Running CoordinatedShutdown with reason [ActorSystemTerminateReason]
2026-08-26 12:47:58,795 [Thread-0] INFO  c.d.canton.environment.Environment - executor-ForkJoinIdlenessExecutorService-canton-env-ec: java.util.concurrent.ForkJoinPool@48f0b51c[Running, parallelism = 8, size = 10, active = 1, running = 0, steals = 197092, tasks = 0, submissions = 0]: idleness not reached within allotted 3 seconds.
2026-08-26 12:48:01,798 [Thread-0] WARN  c.d.canton.environment.Environment - executor-ForkJoinIdlenessExecutorService-canton-env-ec: java.util.concurrent.ForkJoinPool@48f0b51c[Running, parallelism = 8, size = 10, active = 1, running = 0, steals = 197092, tasks = 0, submissions = 0]: shutdown did not complete gracefully in allotted 3 seconds.
2026-08-26 12:48:04,804 [Thread-0] ERROR c.d.canton.environment.Environment - executor-ForkJoinIdlenessExecutorService-canton-env-ec: java.util.concurrent.ForkJoinPool@48f0b51c[Running, parallelism = 8, size = 10, active = 1, running = 0, steals = 197092, tasks = 0, submissions = 0]: failed to terminate within 3 seconds when forced.
2026-08-26 12:48:04,805 [Thread-0] INFO  c.d.canton.CantonEnterpriseApp$ - Shutdown complete.
2026-08-26 12:48:04,806 [Thread-0] INFO  c.d.canton.CantonEnterpriseApp$ - Shutting down logger. Bye bye.
